platform,keyword,title,link,body,crawled_at
naver,회고,SK네트웍스 Family AI 캠프 11기 첫 번째 회고,https://blog.naver.com/SympathyHistoryList.naver?blogId=tjdwl0801&logNo=223753109246&categoryId=POST,"​sk네트웍스 family AI 캠프 11기 1주차 회고록​회고 기간(25.02.07 ~ 25.02.08)짧은 자기소개(PR)컴퓨터 공학과를 전공하며 주로 파이썬 ,SQL,자바,Dokcer,R,아두이노 등등 다양한 환경을 개발해보았다.또한 나는 DB쪽에 관심을 가지고 있다Keep(유지하고 싶은 것)​1.첫 수업을 들으며 강사님의 풍부한 강의 경험을 느낄 수 있었다.강사님께서는 학생들이 뒤처지지 않도록 세심하게 지도해 주시는 점이 인상적이었다.2.수업 계획이 체계적으로 잘 짜여 있어 학습 과정이 효율적으로 진행된다는 느낌을 받았다.3.현재와 같은 마음가짐을 유지하며 과정이 끝날 때까지 포트폴리오를 꾸준히 쌓고 싶다.​Problem(개선 및 불편한 점)​1.학원이 끝난 후 퇴근 시간과 겹쳐 지하철 이용이 불편하다.아침에는 비교적 수월하지만, 저녁에는 지하철을 여러 번 보내야 해서 시간이 지체된다.2. 수업 교재가 기존에 학교에서 사용했던 책과 동일하여 새로움을 느끼기 어려운 점이 아쉽다.​Try(해결책)1.퇴근 시간 혼잡을 피하기 위해 학원에서 추가적으로 공부한 후 귀가하는 방안을 고려하겠다.2.동일한 교재라도 복습의 기회로 삼아 새로운 시각에서 학습하는 마음가짐을 가지도록 하겠다.​https://www.notion.so/19362f5e764e8084a7aaf5b6ad2c5bce학원에서 배운 내용은 노션에 작성해두었습니다!​",2025-04-14 16:47:00
naver,회고,SK네트웍스 Family Ai 캠프 11기 첫번째 주 회고,https://blog.naver.com/SympathyHistoryList.naver?blogId=butcherbirth&logNo=223752982029&categoryId=POST,"​​🚀 데이터 사이언스를 배우기까지의 여정🎭 내가 누구인지📌 내 상황고등학교 졸업 후, ""뭐하지?"" 하다가 기계공학에 입학! 하지만... 전혀 재미를 못 느낌. 😅 대학 생활 내내 공부보다는 🎵 음악 공연, ✍️ 작사, 🎨 미술관 구경, 📚 독서 모임 등 다양한 취미 생활만 즐겼다.졸업 후 취업을 생각해보니, 준비된 것도 없고, 자신도 없고, 물건 만드는 삶은 내 길이 아닌 것 같았다. 🤷‍♂️ 그래서 ""사람들에게 도움이 되는 일을 해보자!""라는 생각으로 공무원 준비를 했지만... 너무 힘들고, 조울증까지 겪음.결국, ""특별한 사람이 되려 하지 말고, 내가 진짜 좋아할 만한 일을 찾아보자!""라고 다짐하게 되었다.💡 데이터 사이언스에 관심을 갖게 된 계기💻 컴퓨터 장비병 + ⌨️ 키보드 덕후인 나는... 사용할 ""합법적인"" 이유가 필요했다! 😆 그래서 프로그래밍을 시작! 그런데 요즘 대세가 뭘까?🔥 AI가 전도유망하구나!🔥이왕이면 이쪽으로 제대로 배워볼까? 하면서 공부를 시작했다.🎯 이 기술을 배우고 직업으로 삼고 싶은 이유조사해보니 데이터 사이언스가 내 적성에 딱 맞았다.✔️ 분류 작업: 공통점과 차이점을 찾고 경향과 흐름을 파악하는 것이 재밌음!✔️ 말이 ""사이언스""지, 귀찮은 건 다 기계가 대신 해줌!✔️ 나는 재밌는 것만 하면서 돈 벌고 싶음! 😆그래서 본격적으로 배워서 취업까지 도전해보기로 결심! 💪📅 이번 주 반성 & 개선점✅ 개선할 점수업 노트를 더 효과적으로 정리하기 (내용이 오래 기억나도록!)복습을 더 빨리 하기운동도 챙기기 🏃‍♂️👍 유지할 점지각하지 않기 ⏰옷 이쁘게 입기 👕❌ 하지 않아야 할 것들밥 먹을 곳 미리 찾아보느라 시간 낭비하지 않기 🍽️📚 이번 주 배운 내용🔍 이론파이썬, 아나콘다, 주피터노트북, VSCode, Notion 설치 및 기본 사용법 익히기💻 코딩가상환경 구축📌 기록해두면 좋은 것들사용 버전: Python 3.12사용한 도구들: Anaconda, Jupyter Notebook, VSCode, Notion발생한 문제 & 해결법: 아직 없음 (앞으로 기록할 예정!)🌟 이번 주 가장 좋았던 순간들강사님이 엄청 친절하시고 설명을 똑 부러지게 해주셨다! 👏캠프에서 제공된 서비스들이 너무 좋았다!자동 자리 배치 🪑밥 친구 정해주기 🍛친절한 OT 📢노트북 및 각종 도서 대여 & 증정 🎁​하단은 gpt를 이용하기 전 초안내가 누구인지- 내 상황뭐할지 모르겠어서 기계공학 입학-> 노잼, 대학 생활 내내 놀기만 함: 음악 공연, 작사, 미술관 구경, 독서 모임 등... -> 취업 하려 해도 준비한 거도 없고 자신도 없고 물건 만들면서 사는 삶은 싫어 -> 사람들에게 도움이 되면 좋겠다 -> 공무원 준비 -> 너무 힘들다 + 조울증 -> 특별한 사람이 되려 하지 말고 내가 진짜 좋아할 만한 일을 찾아서 해보자​- 데이터 사이언스에 흥미를 가지게 된 계기컴퓨터 장비병 + 키보드 덕후->사용할 합법적인 이유가 필요->프로그래밍->요즘 인기있는게 뭐 있나->ai가 전도유망하구나->조사 해보자​- 이 기술을 배워 직업을 삼고 싶게 된 이유조사 해보니 적성에 맞네?-> 분류 작업: 공통점과 차이점을 찾고 경향과 흐름을 찾는 일 재밌어-> 말이 사이언스지 귀찮은 건 다 기계한테 짬 때리는 거구나-> 난 재밌는 거만 하고 돈 벌고 놀 수 있겠다-> 배워서 취업해보자​이번 주 반성- 개선사항: 수업 노트를 수업 내용이 더 기억날 수 있도록 & 복습을 더 빨리, 운동- 유지: 지각하지 않는 것, 옷 이쁘게 입기- 하지 않아야 할 것들: 밥 먹을 곳 안 찾아보기​배운 내용- 이론: 파이썬, 아나콘다, 주피터노트북, vscode, notion 등의 설치 및 기본적인 사용법- 코딩: 가상환경 구축- 정보​기록해두면 좋은 일들- 학습한 버젼: 파이썬 3.12- 사용한 도구들: 아나콘다, 주피터노트북, vscode, notion- 발생한 문제 & 해결한 법: 아직 없음​강조하고 싶은 일들- 좋았던 일: 강사님이 엄청 친절하시고 똑 부러지셨다...- 캠프에서 해 준 것들 중 좋았던 것들: 자동 자리배치, 밥 친구 정해주기, 친절한 ot, 노트북 및 각종 도서 대여 및 증정​​​블로그를 쓰기엔 긴 글로 가독성 좋게 쓰는 일을 내가 지속하지 못할 것 같아, 내용을 정리하고 gpt에 일을 시켜봤다.이미지를 이쁘게 넣어달라 했더니 이미지는 나보고 찾으란다. 물론 Unsplash나 perplexity를 사용해보라 추천은 해 주었지만 참으로 기고만장한 기계라 할 수 있다.앞으로 초안은 위처럼 정리한 후, gemini나 deepseek 등도 이용하여 차이가 어떻게 나는지 대충이라도 비교해볼까 한다. 프롬프트도 발전시켜나가며 처음은 미약하지만 끝은... 보통이라도 될 수 있으면 좋겠다​",2025-04-14 16:47:22
naver,회고,SK네트웍스 Family AI 캠프 11기 1주차(25.02.06 - 25.02.07) 회고,https://blog.naver.com/SympathyHistoryList.naver?blogId=bail4877&logNo=223754644990&categoryId=POST,"이 분야에 있어서 전공자도, 학습 경험이 었었던 것도 아닌 나로서는 매우 긴장되고 새로운 분야에 대한 도전에 겁이 날 수 밖에 없었던 1주차였다. 하지만 강사님의 한명한명 모두 이끌고 가려는 방침과 꼼꼼한 설명 덕분일까, 본격적인 학습은 시작되지도 않았음에도 불구하고 어딘가 안심이 되는 느낌을 받을 수 있었다. 그렇게 시작된 1주차는 앞으로 필요한 프로그램 및 사이트의 설치와 가입, 그리고 그에 대한 설명이 주가 되었다.​학습 내용Discord, Github, Notion 가입.Anaconda, Jupyter Notebook, VSCode 설치 및 환경 설정.마크다운​회고Keep(현재 만족하고 있는 부분, 계속 이어갔으면 하는 부분)앞으로 필요한 프로그램 설치 및 설정이 위주였던 1주차였던 덕분에 크게 어려움 없이 따라갈 수 있었다. 앞으로 시작될 본격적인 학습에서도 이렇게 따라갈 수 있으면 좋겠다.​Problem(불편하게 느끼는 부분, 개선이 필요하다고 생각되는 부분)무엇보다 다른 참여자들에 비해 부족한 지식과 실력을 체감하게 되었다. 주변의 모든 참여자들은 강사님의 설명에 쉽게 납득하고 받아들이고 넘어가는데 비해 나는 처음 접하는 내용이 대부분이었기 때문에 출발선이 한참 뒤쳐져 있다는 것을 뼈저리게 느꼈다. 이 부분은 개인적인 노력으로 채워나가야 할 수 밖에 없기 때문에 당장은 노력밖에 방법이 없어보인다.​Try(Problem에 대한 해결책, 실행 가능한 것)일단 주말을 최대한 활용해야겠다. 지금 당장으로서는 다음주부터 시작될 Python부터 자습하는 수밖에 없을 것 같다.",2025-04-14 16:47:44
naver,회고,[플레이데이터 SK네트웍스 Family AI 캠프 11기] 1주차 회고,https://blog.naver.com/SympathyHistoryList.naver?blogId=bbbms_0713&logNo=223758295631&categoryId=POST,"1회차 회고기록 : 2025.02.07- 자기소개정보통신학과에서 씨언어, 데이터 통신, 기초회로 등을 배웠었다.컴퓨터를 배우기엔 너무 짧은 시간이라 느껴 더 깊고 자세하게 알고 싶어단시간에 여러 번의 프로젝트와 대면 수업으로 인해 부트 캠프에 더 관심을 갖게 되어열심히 다시 한번 배워보고자 시작하게 되었다.- 학습내용1. Notion 가입 및 사용방법2.Anoconda 설치, 가상환경 생성3.JupyterNotebook 실행4.VScode 설치Keep일정이 잘 짜여 있어 미리 준비해 놓기 좋을 거 같다.포기하지 않고 끝나는 날까지 열정을 가지고 공부하는 마음을 갖자.​problem체력관리를 잘 해야겠다.파이썬은 처음 다뤄봐 아직 익숙하지가 않다.​Try매일매일 복습하는 습관을 들여보자!",2025-04-14 16:48:07
naver,회고,[SK네트웍스 Family Ai 캠프 11기] 1주 차 회고 (25.02.07),https://blog.naver.com/SympathyHistoryList.naver?blogId=wlstmf3377&logNo=223754203934&categoryId=POST,"· 나는 누구인가?전자정보통신공학전공에 입학하여 처음에 이 전공을 하는 게 맞는지에 대한 방황을 많이 했었다.하지만 점차 코딩에 대해 배우면서 흥미가 생기기 시작하였고, c언어, java, python, 회로 등 여러 가지를 배워나갔다.졸업을 한 현재로서 나의 목표는 python, 빅데이터 분석 등을 공부하여 AI 개발 쪽으로 나아가 보는 것이다.​​​​25.02.07 학습 내용Python을 사용하는 이유인터프리터 방식의 객체 지향적 프로그래밍 언어로 배우기 쉬우며, 다양한 분야에서 사용할 수 있다.풍부한 라이브러리와 프레임워크는 개발자들의 수행능력을 높여준다.python의 직관적 문법과 기능은 문제를 간결하게 해결할 수 있도록 도와준다.쉬운 문법으로 가독성을 강조하며, 유지 관리 비용 또한 줄여준다.​JupyterNotebook이란?모든 프로그래밍 언어에 대해 대화형 컴퓨팅을 할 수 있도록 제공하는 무료 소프트웨어이다.파이썬뿐 아니라 다양한 언어를 제공하며, 실시간으로 결과 확인하여 공유 가능하다.​IDE란?통합 개발 환경개발자들이 모든 과정을 하나의 응용 프로그램에서 할 수 있도록 설계된 개발도구생산성 향상, 코드 품질 개선, 프로젝트 관리 용이성​<개발 환경 구축>AnacondaAnaconda Prompt를 사용하여 가상환경 생성 및 접속​# conda create -n [가상환경명] python=[버전]conda create -n pystudy_env python=3.12버전은 3.12​conda env list  => 정상적으로 생성되었는지 확인!​JupyterNotebook 활성화​# conda activate [가상환경명]conda activate pystudy_env   => JupyterNotebook을 설치할 가상환경 활성화​JupyterNotebook & kernel 설치하고 설정​pip install jupyter notebookpip install ipykernel# python -m ipykernel install --user --name [가상환경명] --display-name [커널출력명]python -m ipykernel install --user --name pystudy_env --display-name pystudy_env​JupyterNotebook 실행하여 사용VScode 설치VScode에서 python과 JupyterNotebook 설치하여 활성화내가 만든 가상환경으로 설정가상 환경 커널이 설정되었는지 확인​​4LLiked강사님께서 모르는 점은 꼼꼼히 알려주시는 게 좋았다.전에는 사용하지 않았던 새로운 프로그램에 대해 알아보는 기회를 가졌다.​Lacked노션은 한 번씩 사용해 본 적이 있지만 그에 반해 github, vscode 등은 새롭게 접해본 것들이라익숙지 않아서 버벅대는 것들이 있어서 아쉬웠다.​Learnedanaconda prompt, Jupyter notebook, vscode, markdown 사용법과노션 작성법 등 앞으로의 교육을 들으면서 필요한 내용을 배웠다.개발자들이 하면 좋을 습관이 회고록 작성하는 방법을 배우는 기회를 가졌다.​Longed for앞으로 내가 부족한 점을 채우기 위해 python에 대해 혼자 공부하는 시간이 많이 필요할 것이며,그에 따른 좋은 결과가 나오길 바란다.​​",2025-04-14 16:48:30
naver,회고,​sk네트웍스 family AI 캠프 11기 1주차 회고록,https://blog.naver.com/SympathyHistoryList.naver?blogId=codeblogermj&logNo=223754442998&categoryId=POST,"1차 회고기간 : 2025.02.07금~2025.02.09일​자기소개경영정보학을 전공하며 정보통신 경영, DB, 웹개발(PHP, CSS, Javascript), 데이터 분석, 딥러닝 등 다양한 분야를 배워왔다. 하지만 단과대 특성상 컴퓨터나 공학적인 내용을 깊이 있게 접할 기회가 부족했고, 한 분야를 심도 있게 공부하는 것에 대한 아쉬움이 컸다. 현재 졸업을 앞두고 skn family AI 캠프에 참여하여, 그동안 내용을 적용하고 단기간에 몰두하여 공부하는 시간을 가지고자 11기 활동을 시작하게 되었다.학습내용00. Discord, Github, Notion ID 만들기​01. 파이썬 개요▷파이썬 라이브러리 패키지https://pypi.org/파이썬 라이브러리 패키지를 정리해놓은 사이▷파이썬 장단점<장점>강력하고 빠르며 다른 언어와의 호환성이 좋다.어디에서나 실행 가능하며 사용자 친화적이므로 배우기 쉽다.<단점>파이썬을 우선 학습하고 다른 언어를 학습할 때의 진입장벽을 느낄 수 있다.​02. Anaconda, Jupyter, VSCode 설치 및 세팅03. Markdown▷javascript 태그처럼 여러가지 markdown 편집이 가능함▷마크다운 링크😊😊😊▷단축키crtl shift p → 명령어 팔레트ctrl ` → 터미널 여닫기tab → 내가 적었던 직전코드보기주간회고Drop(비효율적인 요소 제거)취업걱정..일단 하지말고 교육을 잘 듣자...​Add(새로운 아이디어)Github 잘 안썼는데 이번 기회에 잘 활용해보기​Keep(현재 잘 하고 있는 것)주기적인 운동, 생활패턴​Improve(개선이 필요한 부분)통학시간이 오래 걸려 체력적으로 지치는것 -> 자투리 시간 이용 or 따로 자습 후 퇴근​​",2025-04-14 16:48:55
naver,회고,🌠[플레이데이터 SK네트웍스 Family AI 캠프 13기] 1주 차 회고,https://blog.naver.com/SympathyHistoryList.naver?blogId=debiee&logNo=223816843895&categoryId=POST,"본 주간 회고의 목적은 한 주를 돌아보고 다음 한 주, 나아가 앞으로 계속 알차게 살아가고 싶은 현재 나의 다짐을 기억할 수 있도록 기록할 예정이다.목적은 당돌하게 밝혔지만 끝까지 회고록을 작성하는 것이 목표이기에 퀄리티가 높지 않아도 양해 바란다.​신청하게 된 계기이번 2월에 학부생 졸업을 하였는데 취업이 잘 안됐다. 다들 경기가 어렵다고 하지만 나는 될 줄 알았지.... 그래서 난 스펙을 더 채우는 것을 목표로 삼았고 검색하던 중 본 부트 캠프를 알게 되었다. SKN 이란 네임밸류도 있고 괜찮겠다 싶었다.교육은 독산역 근처 G 벨리에서 오프라인으로 960시간, 내가 듣게 되는 13기는 2025년 3월 24일 - 2025년 9월 12일 (120일) 간 진행된다. 커리큘럼 중 백엔드와 프런트엔드를 둘 다 활용하여 앱을 제작하는 프로젝트가 가장 마음에 들었고 오프라인으로 진행된다는 점도 좋았다.​개강한 주 전이사를 왔다. 독산역과 가디역 사이 어딘가로. 학부 생활 동안 자취하던 인천에서 독산역까지 1시간 정도 걸리지만 환승을 2번 해야 한다. 게다가 1호선으로. 인류애가 너무나도 떨어질 것 같았고 인천에 계속 있을 이유도 없었기에 자취방을 옮기게 되었다.인천에서 살던 자취방보단 좁아졌지만, 주변 환경과 컨디션은 좋아졌다. 그래서 아예 욕구 중에 모른 척하고 살던 ""집꾸""에 관심이 터져버렸고 하루에 다이소를 2-3번 가고, 오늘의 집과 쿠팡을 한참 뒤지고 나서야 어느 정도 소강상태이다. 무엇보다 교육이 시작되고 체력과 시간이 모자란다.​OTOT는 캠프 시작 전 주 금요일인 21일에 있었다. 사실 시간 계산을 잘못해 10-15분 정도 늦었다. 자취방을 근처로 옮겼는데 늦다니..OT는 SKN에 대한 정보와 수업 진행에 관한 정보들을 알려주셨다. 늦어서 SKN에 대한 설명은 절반정도 밖에 못 들은 듯하다..모든 설명이 끝나고 앞으로 6개월 동안 함께 공부해 나갈 동기분들과 아이스브레이킹 시간이 있었다. 어색한 기류는 돌았지만 다행히 나와 비슷한 성향의 잘 웃으시는 분 덕분에 잘 마무리되었고 개강 전 마지막 주말을 즐겼다.​한 주 수업의 진행기본적으로 github를 다루는 기초부터 시작해서 python 환경 설치, python의 개념들을 배웠다. 전자공학과 학부 생활을 하며  c, c++, python과 같이 여러 프로그래밍 언어를 배웠다. 부끄럽지만 꾸준히 공부해 온 것이 아니었기에 거의 까먹었다. 하지만 수업을 진행하다 보니 3학년 전공수업인 인공지능 수업에서 배웠던 python에 대한 내용들이 어느 정도 떠오르면서 초반엔 잘 이해해 나갔던 것 같다.​이해하기 힘들었던 점📌Comprehension컨셉은 이해했다. 코드가 간결해지고 가독성도 좋아지고 실행 속도도 빨라진다는 것. 하지만 내겐 한 줄씩 :를 찍으며 코딩하는 게 가독성이 좋다고 느꼈는데 GPT가 그건 내가 초보라서 그렇다고 한다 ... 열심히 공부할게 ...​좋았던 점강사님이 올려주신 강의 자료의 한 소단원마다 'TODO'가 있다. 배운 내용을 토대로 코딩을 직접 해보는 건데 이 시간이 굉장히 재밌었다. 마지막 한 시간 동안 문제를 읽고 '어 이거 이거 쓰면 되겠다.', '어 이걸 쓰면 더 효율적이겠는데 ?'하며 하루 동안 배운 내용으로 응용해서 문제를 풀고 있으니 내가 코딩을 잘 하는 것처럼 느껴지기도 했다 ㅎㅎ; 내가 생각한 코드들이 강사님의 풀이와 일치할 때 나르시시즘을 느꼈다.​보완할 점다 까먹었으면서 들어본 적 있는 내용이 나오면 집중력이 흐트러진다. 앞으론 내용들이 더욱 어려워질 텐데 수업에 더 집중해야 할 것 같다.​마지막으로사실 12월에 마지막 학기를 종강하고 생활 패턴이 망가졌었다. 그래도 인간은 적응의 동물이 맞는 것 같다. 아침에 일어나는 것이 점점 괜찮아지고 있고 하루를 알차게 보내는 것 같아 스스로 뿌듯하기도 하다. 가다가 지치는 게 아닌 가속이 붙어서 잘 마무리했으면 좋겠다.앞으로 주 회고는 이번엔 늦었지만 앞으로 매주 토요일에 작성할 예정이며, 달 회고 또한 토요일에 작성할 예정이다. 부디 내가 지치지 않고 나와 한 약속을 지키며 한차례 성장했으면 좋겠다.",2025-04-14 16:49:28
naver,회고,SK네트웍스 Family Ai 캠프 11기 1주차 회고록(2/7),https://blog.naver.com/SympathyHistoryList.naver?blogId=yubnyx&logNo=223755870112&categoryId=POST,👽나에 대한 짧은 이야기👽​산업공학을 전공하며 통계 쪽에 관심이 생겼고데이터를 분석하고 전략을 제시하는 데이터 분석가를 희망하게 되었음->자기 평가를 해봤을 때데이터 분석가로 실전에 뛰어들기엔 코딩 실력이 부족한 것 같고회사에 제시할만한 뚜렷한 결과물이 없어 부트캠프를 통해 이 점을 해결하고자 함​​⭐이번주의 배움​아나콘다 설치 및 설정아나콘다를 통한 주피터 노트북 접속vsc 설치 및 설정가상환경 구축​​​🎶Keep​매일 그날 배운 것을 복습하며 미리 정리 하는 것20~30 분씩 스트레칭을 하는 것​💀Problem​출퇴근 시간이 긴데 그 시간 동안 핸드폰만 하고 있는 것​😇Try​출퇴근 시간에 공부할 자료를 챙겨 다니자자세를 바르게 하도록 계속 해서 의식 하자,2025-04-14 16:49:51
naver,회고,[플레이데이터 SK네트웍스 Family AI 캠프 11기] 1주차 회고,https://blog.naver.com/SympathyHistoryList.naver?blogId=car1358&logNo=223779694164&categoryId=POST,"4주차가 지났는데 이제서야 1,2주차 회고 작성하는 마이노...(사실 중간에 쓰다가 임시저장 해놓고는 방치해둠)​​​음매니저님께서는 학습한 거를 정리하는 느낌으로 적어보라고 하셨는데1,2주차는 우선 그냥 일기 느낌으로 적으려고요...ㅎ​​​​​일단 마이노의 상황에 대해 적어보자면그동안 학교나 외부에서 온갖 부트캠프, 프로그램들 많이 참여하긴 했었는데매번 기초만 맛보기로 찍먹 한 수준이거든요.심지어 비전공자라서 심화과정을 학습할 수 있는 상황도 아니고요...​​​​​​근데 이거 쓰려고 돌이켜 보니깐라즈베리파이 실습도 했었고...​​​​​NC랑 AWS 클라우드 교육도 들었었고요....​​​​​AI, 머신러닝 분야도 비교과로 꽤 들었었고​​​​​심지어 복수전공으로 AI, 빅데이터 분야 전공 수강했는데1도 기억 안 나는 거 실화에요???​​​​​그리고 작년 여름에는 SUNI에서 머신러닝 초급 과정 학습도 했었는데1도 기억도 안나고 내용 봐도 모르겠는 거 실화에요???​​​​​​진심 파이썬print(""Hello World!"")가 마이노의 코딩 실력의 전부나 다름없었는데요,​​​​​이대로 도저히 안될 것 같아서 부트 캠프를 알아보던 중SK 네트웍스에서 주관하는 부트캠프를 알게 되었어요.​​일단 커리큘럼도 기초부터 훑고 가는 느낌이라 괜찮은 것 같고다른 곳들은 프런트, 백엔드 이런 식으로 분야가 나눠진 과정들이 대부분이라 아직 어느 방향으로 가야 할지 1도 모르겠는 마이노한테는 SKN 부트캠프가 괜찮겠더라고요!​​​​​아무튼 zoom으로 면접도 보고, 합격을 해서 SKN AI 부트캠프 11기로 들어가게 되었는데요,커리큘럼이 중반부 부터는 AI를 다루긴 하지만, 기초부터 짚고 넘어가는 과정이라코딩 실력이 어느 정도 있지만, deep 하게 하지 못하는 분들이 오실 줄 알았는데​​​수강생 대부분이 컴공 혹은 유관학과 전공인 데다가(심지어 석사 끝낸 분들도 여럿 계십니다...), 이미 현업에서 개발자로 일하다가 이직 준비하느라 오신 분들도 꽤 계시고요...​​​​​아무래도 무림고수들만 계신 것 같아서 이야기해보면코딩 잘 못한다고 주장하시는 코린이 호소인들만 있어요...아니 게임 방제목 초보방이라고 쓰여있어서 들어가면 썩어버리다 못해 석유가 된 고인물들이 양민 학살하고 다니는 거랑 뭐가 다른 거예요...​​​​​​다시 본론으로 돌아와서.마이노 사람 엄청 가리는 편이라 어지간한 강사님들하고 잘 안 맞는데요,​​​​​​일단 강사님께서 귀에 쏙 들어오게 잘 가르쳐 주셔서 만족하는데다가,실습 같은 거 할 때 1:1 수준으로 지도해 주셔서 너무 좋더라고요ㅠ​​​​​​아 그리고 대문자 I인 마이노 낯선 사람하고 어울리는거 정말 못하는데프로그램 운영 매니저분들께서 개강 초반에 매일 밥 조를 짜주셔서 너무 좋더라고요ㅠㅠ(오이랑 단무지 뺀 김밥 살 뻔^^)​​​​​서론이 너무 길었는데요,1주차 첫날에는 Visual Studio Code, Anaconda 등 프로그램 설치랑 환경 설정을 했어요.​아 근데 마이노 노트북에 VS Code도 설치되어 있고 심지어 Visual Studio, 우분투, SQL 설치되어 있는데 1도 할 줄 모르는 거 진짜 반성해야 합니다...​​​​​​1주차는 일정이 금요일(2/7) 하루밖에 없었어서2주차부터 본격적으로 파이썬 공부가 시작되었는데요,2주차 화요일(3일차)까지만 해도 완전 기초 오브 기초라서 할만했는데 수요일부터는 좀 많이 막히더라고요...ㅠ사실 이미 다 한 번 이상 배웠던 내용들이라 복습 느낌이긴 한데 함수 부분 진도 나가기 시작하니깐 어렵더라고요.​​​​​​배운 내용 정리는 다음 주차 회고부터...!!​",2025-04-14 16:50:15
naver,회고,[플레이데이터 SK네트웍스 Family AI 캠프 13기] 1주 차 회고,https://blog.naver.com/SympathyHistoryList.naver?blogId=kzm0502&logNo=223814318260&categoryId=POST,"📆 | Duration & Curriculum (기간 & 커리큘럼)수업 일자일수교과목내용2025년 3월 24일 월요일1프로그래밍과 데이터 기초Python2025년 3월 25일 화요일2프로그래밍과 데이터 기초Python2025년 3월 26일 수요일3프로그래밍과 데이터 기초Python2025년 3월 27일 목요일4프로그래밍과 데이터 기초Python2025년 3월 28일 금요일5프로그래밍과 데이터 기초Python👍 | Keep (유지할 점)- 현재 만족하고 있는 부분, 계속 이어갔으면 하는 부분​일찍 등원하여 하루를 여유롭게 준비했고 계획적으로 시작했음.Github에 대해 잘 모르는 부분이 많았지만 기초부터 차근차근 배워가는 중임.매일 공부한 내용을 한글 파일에 정리하여 배운 점을 기록했음.조를 짜서 함께 밥을 먹으면서 빨리 친해지기 위해 적극적으로 대화했음.학습 내용에 대한 문제 풀이인 Todo를 풀 때 검색을 하지 않고 대부분 풀어서 맞춤.❗ | Problem (문제점)- 불편하게 느끼는 부분, 개선이 필요하다고 생각되는 부분​파이썬 기초 부분을 배우고 있는데, 아는 내용이 나오면 집중을 잘 하지 못했음.보통 하루의 마지막 시간에 Todo 문제를 푸는데 그전에 문제를 미리 풀어봤음.수업이 끝나고 따로 복습을 충분히 하지 않음.PCCE 자격증 시험을 쳤는데 문제별 자동 제출인 줄 알고 제출을 하지 못하였음.피곤해서 하루에 커피를 너무 많이 먹음.‼️ | Try (시도할 것)- 문제점에 대한 해결책, 실행 가능한 것​알고 있는 내용이더라도 수업에 집중을 할 수 있도록 내용 정리를 자세히 하도록 함.Todo 문제는 항상 마지막 시간에 풀 수 있도록 함.그날 배운 내용에 대해 그날 복습을 할 수 있도록 함.어떤 일을 하더라도 더블 체크를 할 수 있도록 함.규칙적인 생활을 하면서 피로를 줄일수 있도록 함.➕ | Learned (학습내용)- 한 주간의 학습 후 배운 내용을 간략히 정리​파이썬 설치 및 Git 설정Installing Miniconda - AnacondaGetting Started Miniconda Installing Miniconda This page contains basic Miniconda installation instructions for Windows, macOS, and Linux, as well as a command-line quickstart installation guide. On Windows, macOS, and Linux, it is best to install Miniconda for the local user, which does not require...www.anaconda.com-https://www.anaconda.com/docs/getting-started/miniconda/install#windows-installation- 배포판을 사용하는 이유 : 데이터 과학에 필요한 라이브러리와 도구들이 이미 포함된 파이썬 실행 환경을 제공하기 때문.- Miniconda는 Anaconda에서 불필요한 추가 라이브러리를 제외하고, 파이썬 실행 환경과 conda tool만 포함한 경량화 버전.​Git - DownloadsDownloads macOS Windows Linux/Unix Older releases are available and the Git source repository is on GitHub. Latest source Release 2.49.0 Release Notes (2025-03-14) Download Source Code GUI Clients Git comes with built-in GUI tools ( git-gui , gitk ), but there are several third-party tools for users...git-scm.com-https://git-scm.com/downloads- Git : 대표적인 형상관리 도구 (소프트웨어 개발 시 변경 사항을 체계적으로 관리하고 추적하는 프로세스 도구)- git 초기 설정git config --global user.name ""name"" : 사용자 이름 등록git config --global user.email : ""e-mail"" : 사용자 이메일 주소 등록git config --global core.quotepath false : 한글 처리git config --global core.autocrlf true : Windows 에서 개행 문자(엔터) 변경 관련 처리git config --global init.defaultBranch main : 기본 branch 이름을 master에서 main으로 변경- 많이 쓰는 git 명령어git status : 현재 working directory와 Staging area의 상태를 확인git add : 지정한 파일을 staged 상태로 만들어 준다.git commit : staged 상태의 파일들을 커밋한다.git pull : 원격저장소의 상태로 local 저장소로 다운로드git push : 원격저장소에 local 저장소의 커밋한 내용 올리기​파이썬 코드 작성 및 실행 방식- REPL 방식 (Read-Eval-Print-Loop) : 명령문의 처리 결과가 있으면 출력함.- Script 방식 : text 파일에 실행하려는 명령문들을 순서대로 한번에 실행함.​Escape 문자- 키보드에는 있지만 글자로 표현할 수 없는 문자들을 표현할때 사용.Escape 문자설명\n엔터\tTab\bBackspace\\ or ""\""\\""""\''Escape 문자 사용 예시​Format string (형식문자열) 생성- 문자열에 문장 형식/구성/Layout을 미리 만들어 놓고 값은 나중에 대입하는 방식으로 문자열을 만드는 것.1. format() 함수 이용: 문자열을 만들 때 값을 나중에 넣을 위치 { } 로 표시하고 format() 메소드에서 { }에 들어갈 값을 순서대로 넣는다.2. % value 사용: 타입을 지정하는 % value를 이용해 값을 넣어줄 자리를 지정한다.3. f-string (format string) 사용: 값을 넣을 자리에 {변수명} 을 이용해 변수가 가진 값을 문자열에 추가한다.Format string (형식문자열) 생성 사용 예시​자료구조- 여러 개의 값들을 모아서 관리하는 데이터 타입.- 파이썬은 List, Tuple, Dictionary, Set 4개의 타입을 제공함.자료구조 TODO 문제풀이 1 ~ 7자료구조 TODO 문제풀이 8 ~ 9자료구조 TODO 문제풀이 10 ~ 15​제어문- 기본적으로 프로그램은 순차구조를 가짐. (= 작성한 순서대로 실행이 됨)- 이런 실행흐름을 다른 순서로 제어하기 위한 구문을 만드는 문법이 제어문임.- 제어문은 조건문 과 반복문 두가지 문법이 있음: 조건문 :  if 문 / 반복문 : while 문 , for in 문조건문 동작 방법반복문 동작 방법​enumerate()- 구문 : enumerate(Iterable,  [, start=정수]): 현재 몇번째 값을 제공하는 지(현재 몇번째 반복인지)를 나타내는 index와 제공하는 원소를 tuple로 묶어서 반환.enumerate() 함수 예시​zip()- 구문 : zip(Iterable1, Iterable2, Iterable3 [, .......]): 여러 개의 Iterable 객체를 받아 반복시 같은 index의 값끼리 튜플로 묶어 반환.​zip() 함수 예시​filtering / mapping- filter() 함수는 조건을 만족하는 요소만 걸러내는 역할.- map() 함수는 각 요소에 변환(변형) 함수를 적용하는 역할.filtering / mapping 예시​컴프리헨션 (Comprehension)- 기존 Iterable의 원소들을 이용해서 새로운 자료구조(List, Dictionary, Set)를 생성하는 구문.컴프리헨션 (Comprehension) 예시​제어문_컴프리헨션 TODO 문제풀이 1 ~ 2제어문_컴프리헨션 TODO 문제풀이 3 ~ 4제어문_컴프리헨션 TODO 문제풀이 5제어판_컴프리헨션 TODO 문제풀이 6제어판_컴프리헨션 TODO 문제풀이 7 ~ 10​함수- 프로그램에서 함수란 하나의 작업, 기능, 동작을 처리하기 위한 사용자 정의 연산자라고 할 수 있음.함수는 값을 입력(Input)을 받아서 처리 후 처리결과를 출력(Output)하는 일련의 과정을 정의한 것을 말함.만들어진 함수는 동일한 작업이 필요할 때 마다 재사용될 수 있음.함수를 구현해 파이썬 실행환경에 등록하는 것을 정의(define)한다 라고 함.정의된 함수를 사용하는 것을 함수를 호출(call)한다 라고 함.파이썬에서 함수는 일급 시민 객체(First Class Citizen/First Class Object).​parameter / return value- parameter : 함수가 호출하는 곳으로 부터 입력받는 값을 저장하는 변수.(arugument : 호출할 때 파라미터에 전달 하는 값.)- return value : 함수의 처리결과로 호출하는 곳에 전달(반환)하는 값.​Positional argument와 Keyword argument- Positional argument: 함수 호출 할때 argument(전달인자)를 Parameter 순서에 맞춰 값을 넣어서 호출.- Keyword argument: 함수 호출할 때 argument를 Parameter변수명 = 전달할값 형식으로 선언해서 어떤 parameter에 어떤 값을 전달할 것인지 지정해서 호출.(순서와 상관없이 호출하는 것이 가능함. parameter가 많고 대부분 기본값이 있는 함수 호출 할 때 뒤 쪽에 선언된 parameter에만 값을 전달하고 싶을 경우 유용.)​지역변수 (local variable): 함수안에 선언된 변수선언된 그 함수 안에서만 사용할 수 있음.​전역변수 (global variable): 함수 밖에 선언 된 변수모든 함수들이 공통적으로 사용할 수 있음.- 하나의 함수에서 값을 변경하면 그 변한 값이 모든 함수에 영향을 주기 때문에 함부로 변경하지 않음.- 함수내에서 전역변수에 값을 대입하기 위해서는 global 키워드를 이용해 사용할 것을 미리 선언해야 함.- global로 선언하지 않고 함수안에서 전역변수와 이름이 같은 변수에 값을 대입하면 그 변수와 동일한 지역변수을 생성함.​람다식 / 람다표현식 (Lambda Expression)- lambda 매개변수[, 매개변수, ...]: 함수를 하나의 식을 이용해서 정의할때 사용하는 표현식(구문).​파이썬 함수의 예시 및 세부 설명을 docstring으로 설명한 것.​함수 TODO 문제풀이 1 ~ 3함수 TODO 문제풀이 4😎 | Thoughts (소감)- 한 주를 보내고 난 소감​대중교통으로 버스만 타보다가 지하철을 타보니 출근길이 스펙타클하고 재밌었다.첫 날 가면서 찍은 지하철 사진- 앞으로 익숙해져야겠다 🥲​사람들이 친절해서 좋다 😄- 낯을 많이 가리는 성격인데 캠프에서 만난 사람들이 다들 친절하게 대해주셔서 더 편하게 다가갈수 있었던것 같아 좋았다.- 강사님도 수업내용을 최대한 쉽게 설명하려고 하시는게 눈에 보여서 좋았다.- 얼른 시간이 지나 프로젝트를 하면서 사람들과 더 친해지고싶다.​근처에 맛있는게 많아서 좋다.월화수목금 먹은 밥들🍚🍚🍚- 밥을 너무 잘챙겨먹어서 살이 엄청 찔거같다 🐽​시간이 금방 지나갔다 ⌛- 학교를 다니는것 처럼 시간대별로 공부하고 쉬고를 반복 하니까 시간이 생각보다 빠르게 지나갔다. 아직 한 주밖에 안됐지만 남은시간 동안 열심히 해야겠다 !!",2025-04-14 16:50:41
naver,회고,SK네트웍스 Family AI캠프 13기 1일차,https://blog.naver.com/SympathyHistoryList.naver?blogId=seanjang_92&logNo=223808566457&categoryId=POST,"새로운 것을 도전한다는 건 설렘도 있지만,그만큼 기존에 쌓아올린 걸 내려놓아야 한다는 두려움도 함께 온다.특히, 30대 중반을 앞두고, 7년간 쌓아온 한 업계의 경험과 생계를 잠시 내려놓는 건내게 있어서 세상 어떤 일보다 쉽지 않은 결정이었고 경험해보지 못한 두려움이 엄습해왔다.하지만 ‘시작이 반’이라는 말처럼,지금 이 시도 자체가 나에게는 분명 의미가 있을 거다.아니, 의미 있는 시간이 되도록 만들 거다.​이 이야기는 건설 토목쟁이 출신, 비전공자의 IT 업계 전향기이자,어쩌면 미국 유학으로 이어질지도 모르는 이야기의 시작이다.이 여정이 올해 안에 끝날지 내년까지 이어질지,혹은 먼 훗날 미국 어딘가에서 계속되고 있을지는 나도 잘 모른다.한 가지 확실한 건용기내어 시도했다는 것과적어도“그때 한번 해볼 걸…”하고후회는 남기지 않을 거란 것이다.​앞으로 이 블로그는 순간순간의 회고록이자,내용이 길던 짧던, 간간히 느껴지는 마음가짐이나 생각을 정리하는 일기처럼 남겨보려 한다.이 이야기가 세상이 말하는 늦은 나이에 커리어를 바꾸려는 고민을 하고 있을나와 비슷한 상황의 누군가에게 작은 참고나 용기가 될 수 있다면 좋겠다.100세 시대라고 하니까, 지금 우리는 인생의 3분의 1 밖에 지나고 있지 않은 셈이다.오늘 하루를 마무리하며, 그저 한 문장을 마음속에 다시 새겨본다.​“시작이 반이다.”​2025. 03. 24 (월) 1일차​드디어 1일차 강의가 진행되었다.SK 네트웍스 Family AI 과정과 IBM x Redhat AI 과정 두 곳다 합격을 했지만, 비전공자이자 완전 개발자가 아닌,PM(Project manager & Product manager)으로의 직무를 생각하는 나에게는 Sk 네트웍스가 적합하다고 생각했다.만약 개발자로서의 방향을 원한다면IBM x Redhat AI 과정이 더 적합 할 것 같다.​강사님께서는 가벼운 농담으로 유한 분위기로 유도하시며, 상당히 꼼꼼하셨고 차분하게 설명을 잘해주셨다.기존 전공자들이 듣기에는 지루할수도 있었겠지만, 비전공자인 나에게는 차근차근 따라갈수 있어 걱정했던 마음이한층 가벼워졌고 첫 수업을 잘 마칠 수 있었다.(물론 아직 첫 날이니깐 그렇겠지..??)​금일 수업 내용은 python 환경설정, Git 설치와 GitHub 연동 실습, Python의 개요로 진행되었으며,자세한 내용은 아래와 같다.​(틀린 내용이 있을 수 있으니, 고견 주시면 수정하도록 하겠습니다.)​​​1.  개발 환경 세팅파이썬 설치 및 환경 구성Jupyter Lab 설치 (pip install jupyterlab)브라우저 기반 코드 에디터로, 셀 단위 실행과 문서작성 가능Shift + Enter로 코드 실행y: 코드 셀 / m: 마크다운 셀** **볼드체 , * * 글씨체 등 마크다운 문법 사용​​2.  Git & GitHub 기본 흐름 실습로컬 디렉토리 SKN13 생성 후 GitHub 원격 저장소 연동기본 명령어 흐름 정리gitclone(주소)/저장소 복제

cdSKN13/작업 디렉토리 설정

git  add/변경사항추적(Staging)git commit-m""메시지""/커밋(작업의 끝,완료 시 입력)git push/GitHub(원격 저장소로 업로드)git pull/GitHub(원격 저장소에서 다운로드)Staging Area(임시저장소) → commit → push의 흐름 이해특정 파일만 선택하거나, 확장자 단위로 git add *.txt 등 활용 가능​​3.  Python 개요Python은 문법이 간단하고 직관적인 고급 언어다양한 라이브러리와 도구로AI, 웹, 데이터 분석, 자동화 등다방면에 활용됨Python은 인터프리터 프로그래밍 언어이고 독립전인 OS로 프로그램을 하나만 구현하면 OS상관없이 실행.쉬운 문법과 빠른 개발, 속도는 느릴 수 있음동적타입(Dynamically typed)으로 변수의 타입을 고정하지 않아 하나의 변수에 다른 값 대입 가능.​​첫날은 익숙하지 않은 환경들이 많았지만, 반복하면서 익혀나가면 될 것 같다.막상 걱정했던 것 만큼 막막하진 않았고 따라가다보니 생각보다 이해할 수 있는 흐름이었다.​이제 정말 시작이다.",2025-04-14 16:51:04
naver,회고,[플레이데이터 SK네트웍스 Family AI 캠프 13기] 1주차 회고,https://blog.naver.com/SympathyHistoryList.naver?blogId=junghoyeob&logNo=223815108009&categoryId=POST,"1일차python 설치, github 설치 및 관련 명령어 설명jupyter lab과 프로그래밍 개요 설명python 특징과 python으로 사용가능한 것과 불가능한 것에 대한 설또한 python이 REPL방식과 Script 방식으로 실행하다는 것과 두 방식을 차이점을 수강​2일차변수의 정의(변수이름 관례종류, 사용법), 선언및 초기화,대입연산자(산술, 비교, 논리)연산자, input()함수변수 메모리 제거, None 값, 숫자 - 정수(int)- 실수(float)문자(열) - str, 논리 : (bool) - True - False   제어문 대한 설명 및 실습 진행후02_변수와 데이터 todo 예제문제 풀이​3일차02_변수와 데이터복습, todo 예제문제 풀이과정을 보여주시고자료구조의 정의 설명 후, list 정의(리스트 생성,  list연산자, 중첩리스트, 리스트 주요 메소드),indexing과 slicing을 이용한 원소 조회 및 변경,tuple 정의(튜플 생성, 튜플 연산자, 튜플 주요 메소드),dictionary 정의(dictionary생성, dictionary원소 조회 및 변경, dictionary연산자, dictionary 주요 메소드),set 정의(set 생성, set연산자, set, 주요 메소드, set의 집합연산 연산자 및 메소드),자료구조를 이용한 대입(리스트,튜플,셋 대입이 존재), 자료구조 변환 함수 설명 및 실습03_자료구조 todo 예제문제 풀이​4일03_자료구조 복습, todo 예제문제 풀이과정을 보여주시고 제어문의 정의, 조건문/분기문,반복문(while문, for in문), continue와 break를 이용한 반복문 제어방법, for in 문 연관 내장 함수, enumerate(), zip(), 컴프리헨션을 설명 및 실습 후 04_제어문 todo 예제문제 풀이​5일차04_제어문 복습, todo 예제문제 풀이과정을 보여주시고객체지향 프로그래밍에 대한 설명으로class(클래스) 정의, Instanc(객체) 생성, Attribute(속성) - instance 변수: 객체의 속성 추가, 생성자에 대한설명과 실습후에05_함수 todo 예제 문제 풀이 진행​5일 동안 각 챕터에 대한 개요 및 정의을 배우고 명령어 및 메소드을 설명을 들은 후 사용법과 응용하는 방법을익히고 todo 문제를 푸는데 당일에 배운 것을 사용하는 문제에 경우 문제 풀이가 가능한데 전에 배운 것을 활용하는 문제 경우에는 시간이 걸리고 코드가 실행 된다고 해도 문제가 원하는 방식으로 실행되지 않는 경우도 있기에시간을 단축하고 정확한 코드를 생성하기 위해서 전에 배운 내용을 복습하는게 명령어 및 메소드를 익히는데 빠르것 같습니다. 05_함수 todo문제를 푸는데 코드가 실행은 되는데 문제가 설명한 방식과 다르게 코드가 실행되었는데 이 경우에 강사님의 도움을 받아 문제를 푸는 데 성공하였기에 강사님에게 질문하는 방법도 사용하여 파이썬을익혀야할것같습니다.",2025-04-14 16:51:30
naver,회고,[1주차] SK 네트웍스 Family AI 부트캠프 회고록,https://m.blog.naver.com/SympathyHistoryList.naver?blogId=effort1234&logNo=223816466823&categoryId=POST,"🌱프롤로그나는 기계설계자동화공학을 전공했다. 쉽게 기계공학과라고 하고 다니긴 하지만, 뭐 여러 잡다한 것들을 많이 했다.코딩도 조금 해봤었는데, 사실 혼자서 코드 짜고 고치고 하는 게 재미있었던 기억이 있다.암튼... 요새는 생산 분야에서도 Big Data와 AI를 활용한 스마트 팩토리로의 전환을 하고있다고 알고 있다.그래서 이 교육을 들으면서 Data 처리와 AI에 대한 개념을 잡을 수 있다면 도움이 될 것이라 생각했다.꼭 그렇지 않아도 교육 내용이 활용 분야가 넓기 때문에 뭐라도 할 수 있지 않을까? 라는 생각에 교육을 신청했다.​✏️이번 주 학습 내용-핵심 키워드: Python 환경 설치, Git 사용법, 기본 문법 (자료형, 함수, 제어문, 클래스)​- 새롭게 알게 된 점C++에서는 변수를 정의해줄 때 그 변수의 타입을 명시해줘야 했던 걸로 기억한다. 근데 Python은 그럴 필요가 없단다.Python이 더 편리하다고 들어오긴 했는데, 여러 부분에서 느끼고 있다.​- 어려웠던 점사실 함수랑 제어문까지는 예전에 배웠던 기억을 더듬어 알고있던 문법만 조금씩 바꾸면 됐다.허나 클래스는 처음 접해보는 개념이라... 이 놈 등장하고 나서부터 머리가 조금씩 아프다.열심히 해야겠다 ㅎ​💡 좋았던 점- 기초 다지기강사님께서 굉장히 친절하게 알려주신다.나도 비전공자이지만, 어느 새 교육을 들으며 고개를 끄덕이고 있더라.알려주신 내용을 바탕으로 실습 문제를 혼자 풀면서 코딩에 적응도 하고...이후 강사님께서 더 쉽게 or 다른 방식으로 문제를 풀어주시는 것을 보고나면 재밌기도 하다.​- 코딩 테스트 (PCCE)교육 수강생들을 대상으로 달마다 무료 코딩 테스트도 진행한다.못 풀더라도 어떤 방식으로 진행되는지 궁금해서 신청했는데, 얼떨결에 교육 2일차에 보게 되었다.빈 칸 채우기 유형(한 줄만 고치는) 디버깅 유형프로그래밍 유형과 같은 문제들이 있었다.......열심히 해야겠다.​📌 1주차 소감1주차는 적응하느라 시간을 다 보낸 것 같다. 생체리듬도 적응하기 시작한 것 같다.사실 근 1년 동안 8kg정도 쪘다. 이거 고3 때 몸무겐데...그런 이유로 지난 달 부터 헬스장을 끊어서 다니기 시작했는데, 교육 끝나고 가니까 귀찮기도 하고. 퇴근시간 지하철도 숨 막히고 해서.오늘은 아침에 운동을 다녀왔는데, 하루 종일 정신이 맑은 느낌이 있다.빡세게는 못 하겠지만, 건강을 위해서 꾸준히 해야겠다.교육 내용은 따라갈만 한 것 같다. 좋은 강사님과 좋은 동기분들이 계셔서 더 용기가 난다.​🚀 2주차 계획 & 마치며커리큘럼 상 2주차에는 남은 Python 이론과 Database 기초를 배운다고 되어있다.어려웠던 클래스 부분은 프리코스를 다시 보면서 복습을 하고, 생체리듬도 적응을 끝마쳤으면 좋겠다.​13기 모든 분들이 열정적이시고 덕분에 스스로도 더 동기부여가 되는 것 같다.6개월 동안 다 같이 재밌게 배우고 좋은 결실 있었으면 좋겠다.",2025-04-14 16:51:54
naver,회고,[플레이데이터 SK네트웍스 Family AI 캠프 10기] 1주차 회고,https://blog.naver.com/SympathyHistoryList.naver?blogId=joseongji&logNo=223782595675&categoryId=POST,"Who am I_회고를 시작하기 전, 나라는 사람에 대해 설명해보려고 한다!난 스페셜한 제너럴리스트가 되고 싶다.다양한 분야에 관심이 많아서 여러가지를 배우고 있는데, 각각 하나씩 봤을 땐 또 깊이 있게 아는 것이 내 추구미이다.​짧게 정리해보면, 난 한국외대 LT학부(거의 국제통상이랑 비슷,,,)를 다니고 광고PR브랜딩을 이중전공으로 하고 있다.투자나 컨설팅에 관심이 많아서 경영전략학회를 했었고(주식도 하고 있지만 수익률이 좋진 않아효,,,),창업에 목표가 있어서 교육 관련 창업(1년만에 폐업하긴 했지만,,!!)도 했었다.디자인하는 걸 좋아해서 직접 디자인한 상품으로 크라우드펀딩도 했었구마케팅에도 관심있어서 KT서포터즈(Y퓨처리스트)를 현재도 하고 있는 상태이다.인턴은 2번 했었는데, 한 번은 SK인크로스 광고팀, 그리구 한 번은 마이리얼트립 T&A셀 사업개발 인턴이었다.두 번 다 데이터 분석 위주의 업무였고, 사업개발 인턴 때는 신사업 소싱/영업/UI디자인/프로모션 기획까지 다양하게 해볼 수 있었다.결론적으로, 나의 단기 목표는 VC 투자심사역이다!(물론 첨부터 VC로 들어가기보다는 컨설팅펌이나 IB쪽을 준비하고 있다)​그리고 장기적으로는 AI 관련 서비스(생각해놓은 BM이 있어용)로 사업을 하겠다는 목표가 있다!이를 위해 데이터 관련해서는 ADsP 자격증을 취득한 상태인데,AI는 독학이 너무 어려워 SK네트웍스에서 하는 AI캠프를 듣게 되었고,아직 3일밖에 지나지 않았지만 너무 좋은 사람들과 너무 멋진 강사님/매니저님이 계셔서 아주 의지가 된다>.<What I Learned_구럼 본격적인 1주차 회고록 드간다ㅏ​Day 1(26): 개발환경 설정ColabCtrl+Enter: 현재 셀 실행Shift+Enter: 현재 셀 실행 + 다음 셀 열림텍스트 추가한 뒤 앞에 # 붙이면 제목 됨미니콘다Window+R > cmd > 복붙 > 다운 > anaconda prompt 실행*넘파이(수학적 계산을 위한 라이브러리)/판다스(데이터 핸들링)가상환경 설치 > 가상환경 확인(리스트) > 가상환경 활성화(activate)deactivate로 비활성화 시켜줌remove로 없애줌cls로 클리어cd(change directory)로 위치 바꿔줌 (폴더는 미리 생성 후)install로 주피터 노트북 다운로드함*동적 크롤링(자동으로 사이트 들어가서 데이터 읽고 돌아오는 것): 코랩은 구글 정책 상 안되는데 그럴 때 주피터 가상환경 이용해야함*주피터에서 Code를 Markdown으로 바꾸면 텍스트 쓸 수 있음pwd(리눅스 명령어)로 현재 경로 알 수 있음*주피터는 가상환경 활성화해줘야 사용할 수 있음(=서버가 죽으면 안됨)​Day 2(27): 문자열과 입출력주석Ctrl+/ 하면 주석이 됨디버깅: ‘의심 가는 코드’로 표시해 실행시키지 않음자료형int: 정수(-1, 0, 1)float: 실수(2.5 등)bool: 참과 거짓으로만 이루어짐(true/false)str: 문자열(upper, loxer)list: 변수 하나로 담음([])*파이썬&자바는 인터프리터 기반 언어만 허용됨 (컴파일형(정교) 언어는 X)함수*type() 누르면 변수 형태 볼 수 있음*변수는 저장된 데이터를 유추할 수 있도록 의미 줘서 네이밍*위에서부터 첫번째, 순서는 0부터!import 함수(1부터 46사이 중 임의의 숫자 6개)round 함수(소수점 설정)input 함수(데이터 외부에서 입력받기)set 함수(중복 제거)파이썬에서 자주 사용하는 함수문자열 연산더하기 / 빼기 / 슬라이싱문자열 함수바꾸기/분리: lower(). upper(), title(), capitalize() emd공백 제거/정렬: strip(), lstrip(), rstrip()찾기/대체: find(), replace(), count()정렬: sorted()​Day 3(28): 문자열과 입출력행렬: 2차원 리스트row(행,가로,데이터) , col(열,세로,특성)if/else문 실습순환문(for/while문) 실습문장에서 긍정단어 감지하기문장에서 대문자 단어 출력하기텍스트에 연속된 단어쌍 만들기문장별로 토큰화하기형태소 분석기KPTKeep: 이해가 안 되는 부분이나 자꾸 오류가 뜨는 예제들에 대해 질문드리면서 해결하려구 노력했던 점! 초심을 잃지 말자아ㅏProblem: 이번주에 할일이 너무 많아서 매일 잠을 1-2시간씩밖에 못잔것같당ㅜㅜTry: 잠은 7시간 이상! 시간을 효율적으로 써보쟈​*추가적으로다가,,, 자리 배정을 해주시는데 난 이 자리가 너무X100 맘에 들었다!! 오른쪽엔 모르는 게 없을 것 같은 멋진 분이 있구 왼쪽엔 내 소울메이트를 만난것같아,,넘 행복한 요즘이다💖(글고 밥친구도 정해주시는데! 이분들도 너무 대단하신 분들이도라ㅜㅜ 더 친해지구시퍼) 무튼 WIL 끄읕~!~!",2025-04-14 16:52:29
naver,회고,[ 플레이데이터 SK네트윅스 Family AI 캠프 12기 ] 1주차 회고 ( 2월 4주차 ),https://blog.naver.com/SympathyHistoryList.naver?blogId=ju0_lee608&logNo=223784264266&categoryId=POST,"# 부트캠프 # 데이터분석  # AI # 코딩 # 파이썬 # 시작🗓️기간: 2025.02.26~2025.02.28 (1주차)​🤗지원동기대학 졸업을 앞두고 본격적으로 취업 준비를 시작했을 때, ‘어떤 길을 선택할까?’로 어려움에 직면하였다. AI 분야나 데이터 엔지니어,  데이터 분석가로 일하고 싶다는 목표는 확고했지만, 대학원 진학과 부트캠프 참여 중에서 많은 고민을 하였다. 그 결과, 난 대학원에 가서 공부를 하고 싶지 않았기에  대신 실무 중심으로 배울 수 있는 부트캠프에 도전하기로 결심했다.산경과 전공자로서 코딩에 대한 기초는 있지만, 실무에 요구되는 수준에 비해  실력이 많이 부족하였다. 그래서 학교를 다니는 동안 개인적으로 공부를 했지만, 이젠 정말 실무에서 필요한 기술을 체계적으로 배우는 게 더 중요하다고 생각하였다. 여러 부트캠프를 알아보고 비교하며 느낀 건, 이 캠프는 다른 캠프들보다 실무 프로젝트와 커리큘럼이 더 체계적이었고, 여기서 배운 내용들로 실무에 바로 적용할 수 있는 점에서 정말 마음에 들었다.현재 부트캠프에 합격하여 들어온 만큼, 팀원들과 함께 실제 프로젝트를 진행하며 개발 역량을 키우고, 그 과정에서 포트폴리오도 쌓아갈 것이다. 또한, 코딩 실력을 쑥쑥 향상시켜서 AI와 데이터 분석 분야에서 필요로 하는 인재로 성장할 수 있게끔 열심히 노력해 나아가 목표를 이룰 것이다. 이 부트캠프가 제 커리어에 큰 전환점을 만들어줄 거라고 믿고 이 기회를 놓치지 않고 최대한 잘 활용하고 싶다.​👍Keep현재 만족하고 있는 부분, 계속 이어갔으면 하는 부분강사님이 처음부터 자세히 차근차근 꿀팁과 함께 알려주셔서까먹었던 부분에 대해 다시 알게 되며 공부를 할 수 있어서 만족하였다.그리고 개념을 배우고 관련 예제를 내주셔서 응용하면서 좀 더 실력을 키울 수 있는 것 같았다.​⚠️Problem불편하게 느끼는 부분, 개선이 필요하다고 생각되는 부분코드 작성하시는 게 정말 빨라서 가끔 타이핑을 놓쳐서 조그만 더 천천히 수업을 진행해 주시면 좋을 것 같다고들었다.​🔥Try매일 수업한 부분 복습하기아침에 일찍 일어나기 위해 밤에 늦게 자지 않기추천해주신 코딩테스트 매일 1문제씩 풀어 습관 들이기집에 있는 IT 관련 도서 읽기퇴근 후 집 근처 공원 한바퀴 돌아, 체력 기르기처음 시작하는 블로그 작성 익히기🌈To Do (2주차 목표)파이썬 마스터 하기!!!!!( 세부적인 부분에 너무 얽매이지 않고 전체적인 흐름을 이해하며, 반복 학습하기 )부트캠프 내 사람들과 친해지기​",2025-04-14 16:52:52
naver,회고,5월 2주차 공부 리뷰,https://blog.naver.com/SympathyHistoryList.naver?blogId=yoyh1234&logNo=223444453346&categoryId=POST,"처음으로 시작하게 된 sk 네트웍스 family ai캠프!​서울에 올라오자마자 바로 오티도 듣고 수업도 듣다보니일주일이 금방 지나가버렸다.​좋았던 점먼저 여러 사람들과 이야기를 나누며 공부할 수 있다는 점이 좋았다.그리고 강사님이 차근차근 자세하게 수업 해주시고, 학생들과 적극적으로 소통해 주신 것이 좋았다.​매니저님들이 학생 이름을 외우려고 노력해 주시고, 먼저 인사해주셔서 적응하는데 많은 도움이 되었다.또한 수강생들끼리 친해질 수 있는 기회를 마련하기 위해 노력해 주시는 매니저님들에게 감사했다.교육을 듣는 시설 또한 잘 갖춰져 있었고교육에 필요한 책도 제공해주셔서 좋은 점이 많았다.혼자 공부하는 파이썬『혼자 공부하는 파이썬』이 더욱 흥미있고 알찬 내용으로 개정되었다. 프로그래밍이 정말 처음인 입문자도 따라갈 수 있는 친절한 설명과 단계별 학습은 그대로! 혼자 공부하더라도 체계적으로 계획을 세워 학습할 ...aladin.kr책에는 내용이 자세히 기술되어 있었고,내용이 쉽게 풀이되어 있어 파이썬을 처음 접하는 사람에게 추천할 만 했다.the좋은식당서울특별시 금천구 가산디지털1로 25 대륭테크노타운17차이 블로그의 체크인점심은 교육장소 구내식당에서 먹었는데가격은 6800원으로 다른 구내식당보다 가격이 착했지만퀄리티는 다른 구내식당보다 좋은 것 같았다반찬도 많고 후식에 음료까지!!​같은 테이블 줄에 앉는 분들과 점심을 같이 먹었었는데 다들 정말 착하시고먼저 말도 걸어주셔서 좋은 분들을 만난 것 같아서 좋았다.배운 점대학교에서 해당 분야를 공부하고,졸업 후 취업준비를 하면서 코딩에 대해 많이 배웠다고 생각했었다.하지만 이 부트캠프에 나보다 학벌,경력 면에서 뛰어나신 분들이 많다는 것을 본 뒤내 지식에 자만하지 않고, 겸손한 자세로 수업에 임해야 겠다는 생각이 들었다.수업 내용을 온전히 내 것으로 만드는 것은 물론,동시에 취업 준비에도 최선을 다해 자신을 발전시켜 나가야겠다는 생각이 드는 한 주였다.부족했던 점​예전과 다른 생활 패턴을 가지고 공부하려다보니평소보다 몸이 빠르게 피곤해지는 것 같아서운동을 해야겠구나라는 생각을 했다​그래서 전에 하던 운동인 스쿼시로 해야지~(돈이 부족하면 그냥 헬스나 하자..)​인생 처음으로 자취를 시작하다 보니 아직 서툰 부분이 많이 느껴졌다.아직 서툴지만 사회에 빨리 적응해서 정신,경제적으로 독립하고 싶다.​또한 교육을 들으면서 나보다 뛰어난 분들이 많다는 것을 느꼈고,알고 있었던 내용이라고 생각했지만, 새롭게 다가오는 것들을 발견하게 되었다.파이썬 공부에 더욱 매진하고 스스로 코딩 연습을 많이 해야겠다고 생각했다.​바라는 점스스로에게 바라는 점 : 첫 주차에는 수업시간에만열심히 듣고 집에 와서는 복습도 안했지만,이번주 부터는 수업이 끝난 뒤 복습도 할 것이고,남는 시간에 빅데이터 실기 공부도 같이 해야겠다.python 공부와 프로젝트 준비두 마리 토끼를 잡으려고 노력해 봐야겠다.(개인 블로그 글도 시작해야겠다.)센터에 바라는 점 : 화장실 가는 길이 너무 불편해요 ㅠㅠ비상 시에만 쓰라는 문을 개방해주시면 편할 것 같은데..(너무 돌아가는 것 같아요)마무리이번 주는 첫 주차라 적응을 하느라 기력이 빨렸지만,2주차부터는 수업 열심히 들으면서 취업 하자!!취뽀!!!!!!!!​다음 주 리뷰로 찾아올게요~",2025-04-14 16:53:28
naver,회고,SK네트웍스 Family AI 캠프 1기 1주차 회고,https://blog.naver.com/SympathyHistoryList.naver?blogId=moses0322&logNo=223444389215&categoryId=POST,"혼자 공부하는 파이썬 (윤인성)수업시간에 사용하는 교재인데 설명이 너무 자세하게 되어있고 무엇보다 힘내라는 글귀가 많아서 좋았다. 지금까지 봤던 교재들은 딱딱한 느낌이었다면 이 책은 '나도 공부하면서 힘들었어. 너무 좌절하지마'라는 느낌의 응원이 담겨있는 느낌이었다.특히 별 피라미드 만들기 코드는 대학생때 과제로 내주셨을 때는 못했지만 이제는 할 수 있을 것이라 생각했다. 하지만 어림도 없었다는건 안비밀..역시 코딩은 똑똑한 사람들만 할 수 있는 건가..라며 수업시간에 절망에 사로잡혔을때 p.271에 저자가 쓴 '이런 것도 생각 못하니까 프로그램 개발에 재능이 없어'라고 자책하지 말고 신선한 발상이 나올때마다 외워두면 활용할 수 있게 될 것이라는 글을 보고 자신감을 얻게 되었다.​SK 네트웍스 Family AI 캠프 1기가 시작되었다.1주차를 (비록 3일밖에 듣진 않았지만) 수강하고 여러 생각이 들었다.​좋았던것생활적인 면에서 힘들지만 좋다고 할 수 있는 규칙적인 생활을 들 수 있겠다. 잠을 좋아해서 불규칙적이고 늦은 하루를 시작했는데 강제성이 부여되니 10시에 자고 6시반에 일어나는 군대식 하루를 경험하고 있다. 얼른 적응이 되었으면 좋겠다.다른 여러 캠프가 있지만 이 캠프를 지원한 큰 이유는 오프라인이라는 점이었는데 대학생활동안 온라인 수업을 들을 때의 나 자신에 대해 객관화가 잘 되어 있었기 때문에 나에게 있어 굉장히 중요한 점이었다. 아무리 일찍 일어나야하고 피곤해도 이 캠프를 선택한 것에 대한 후회는 없다. 또 다들 일찍부터 나와서 열심히 하는 모습을 보여 동기부여가 되어서 나도 함께 열심히 하게 된다.수업적인면에서는 혼자 공부 할 때는 외로움과의 싸움이었는데 다른 사람들과 함께 수업을 듣고 공부를 하니 나에게 좋은 시너지가 생긴다. 그리고 앞서 말했지만 강의 때 사용하는 책의 설명이 굉장히 자세하고 친절해서 이해하기 편하다. 강의 시간에 그냥 넘어가는 부분들도 혼자서 이해 할 수 있게 설명이 잘 되어 있다.​​배운것정말 이른 시간에 집에서 나왔다고 생각했지만 이미 하루는 시작되고 출근하고 등교하는 많은 사람들을 만날 수 있었다. 집에만 있다보니 감각이 무뎌졌었는데 바쁘다 바빠 현대사회에 나도 빨리 적응을 해야겠다는 것을 배웠다.같이 강의를 듣는 사람들을 보며 취업을 준비하는 사람들(a.k.a 경쟁자들)중에는 이미 준비가 거의 다 되었거나 박사까지 하셔서 전문적이신 분들도 있다는 걸 깨달았다. 몇 안되는 주변 사람들이 이 정도면 전국에는 훨씬 많겠지. 나도 심각성을 깨우치고 취준을 열심히 하는 대신에 너무 쫄거나 취업에 목매다는 것이 아니라 내 페이스대로, 부정적인 생각하지 않고 준비해야겠다.​부족했던것시간약속은 칼같이 생각하던 내가, 첫 수업 전날 OT때 처음 타본 1호선에서 길을 잃고 겨우 탄 지하철이 급행이라 안양까지 내려가는 바람에 30분이나 지각을 했다. 남은 6개월간의 수업동안은 결석, 지각 한번도 하지 않기가 목표이다.프리코스를 열심히 들었다고 자부했는데 수업을 들어보니 내가 모르는 부분, 강의를 들었어도 머리에서 기억이 나지 않아 까먹었던 부분이 상당했다. 예제문제를 풀 때도 내가 안다고 생각하고 넘어갔던 함수나 구조때문에 코드를 완성하지 못했다.처음에는 기초적인 것(vs code, anaconda 설치)부터 차근차근 시작을 하길래 비전공자도 수업을 들으니 자세하게 진도를 나가는구나. 이 기회에 파이썬을 마스터 해보자! (only 수업으로만)라고 생각을 했다. 그러나 진도가 나가기 시작하자 '다 알고 계실겁니다' 나 '이런 것들이 있습니다' 하고 책만 보며 쓱쓱 넘어가는 부분이 많다보니 위기감이 들었다. 다들 아는데 나만 모르는가 싶은 기분에 불안했고 앞으로 남은 6개월동안 내가 잘 따라 갈 수 있을까 하는 생각에 마음이 좋지 않았다. 내가 잘 하는것이 아니라는것에 객관화가 잘 되어서 앞으로 더 많이 노력해야겠다고 생각했다.​​​",2025-04-14 16:53:50
naver,회고,WIL(Weekly I Learned) 1,https://blog.naver.com/SympathyHistoryList.naver?blogId=buyjapan_mall&logNo=223450472044&categoryId=POST,"Overview : Python​​​KPTKeepProblemTry​연습문제를 풀 때, 눈으로는 어떤 내용인지 이해가 되고 객관식 중에 가장 근접한 답을 골라낼 수 있지만 직접 코드로 구현하려고 하면 잘 떠오르지 않음연습문제를 복습하면서 작성해보고 Review 및 TIL로 정리하기​들여쓰기 타이밍이 익숙치 않음연습문제를 복습하면서 작성해보고 Review 및 TIL로 정리하기​어떤 명령어인지 감조차 없거나 Detail이 떨어지는 내용들이 있음교재 확인하면서 TIL로 정리하기",2025-04-14 16:54:15
naver,회고,SK 네트웍스 AI캠프 1주차회고,https://blog.naver.com/SympathyHistoryList.naver?blogId=whdtlr98&logNo=223512274907&categoryId=POST,"개발자가 되기위한 시간의 1주차 회고를 시작한다.​1주일 간의 배움과 자세개발환경 세팅에서 시작해서 파이썬의 기초에 대해 습득했다. 혼자 개발 공부를 할 때는 개발환경세팅부터 어려움을 겪었는데 드디어 본격적으로 공부한다는 감상이 든다. 이번주는 함수까지 진도가 나갔다. 사실 전체 커리큘럼에서는 기초적이고 적은 부분이지만, 강사님께서 어려운 프로그램을 실행하려면 기본의 이해가 중요하다는 말씀을 하신만큼 열심히 공부하려 노력했다.​최대한 강사님의 말씀대로 실천하고자 노력했다. 강사님은 그 날 배운 것은 그 날 정리해서 블로그를 작성하는 것이 좋다고 하셨다. 나는 비전공자에 초심자인만큼 더 열심히 작성했다. 어느덧 매일 남아서 공부하고 아침마다 내가 작성한 블로그를 보며 복습하는 나의 모습을 볼 수 있었다.​1주일 간의 어려움가장 어려웠던 것은 시간의 부족이다. 집과의 거리가 멀어 자습의 시간이 상당히 부족하다는 것이 아쉽다. 이 부분은 캠프하는 동안 가장 힘든 점으로 작용할 것 같다 공부의 효율성을 높이기 위한 수단이 필요하다고 느꼈다.두 번째는 확신의 부족이다. 현재 열심히 공부하고 있는 내용을 나중에도 내가 기억할 수 있을지 아직 확신이 들지 않는다. 지속적인 복습과 절대 무너지지 않기 위한 멘탈관리가 필요하다세 번째는 관계이다. 지식만큼 중요한 것은 사람과의 관계다. 동기와의 관계가 돈독할 수록 서로 도움을 주고 받을 수 있고 즐겁게 공부할 수 있다. 동기사랑 나라사랑 캠프가 끝나도 좋은 친구로 남으면 좋지 않은가. 이 부분은 어떻게든 개선해야 한다​앞으로의 학업계획최근 강의를 들으면서 느끼는 점은 코드와 함수를 이해하는 것만큼, 이를 응용하는 것이 중요하다는 것이다. 수업시간에 종종 강사님께서 문제를 내주신다. 비전공자는 이걸 못 풀어도 상관없다고, 못 푸는게 당연하다고 강사님은 말씀하신다. 하지만 그 말을 듣고 언제까지 비전공자로 남을 수는 없다. 그래서 매주 주말을 이용해 수업시간에 했던 코드 중 몇 개를 골라서 내 방식으로 다시풀거나 다른 방식으로 구현하며 주마다 회고하는 연습을 하려고 한다.​금요일에 강사님께서 전공자를 위한 문제와 비전공자를 위한 문제를 나눠서 주셨다. 그 때 나는 바로 풀지 못했다. 답을 리뷰할 때 내가 이해한 방식과 같은 구조였다는 것은 확실하다. 내가 생각한 함수가 사용됐고 방식이 활용됐다. 하지만 난 구현에 실패했다. 다른 사람은 구현에 성공했다. 물론 모두가 구현에 성공했는지는 모른다. 하지만 나는 내가 구현하지 못한 것에 변명할 생각이 없다. 내가 부족했기에 구현하지 못한 것이다. 강사님께서는 비전공자는 구현할 정도가 되어도 훌륭하다고 하셨다. 나도 그 목표를 위해 노력하려 한다.​이번 주의 코드응용금요일 함수 작성 문제를 재활용하려 한다변수명과 프린트 내용은 내가 임의로 정한거지만 수업시간에 정답으로 나온 방식의 코드를 재구현했다. 해당 문제는 비전공자인 다른 분이 푸셨다. 특히 dictionary의 value값을 random.randint로 구현한것을 강사님께서 칭찬하셨다.강사님께서는 리뷰 때 조건 두개가 겹치는 것을 and로 묶어 보는 방식도 있다고 얘기하셨다. '아 저렇게도 생각할 수 있구나'라고 느꼈다. 하지만 생각의 전환을 얘기하신 것이지 코드의 구현을 한 것은 아니었다. 그래서 이번 학습목표로 저 조건문을 바탕으로 코드를 재구현하기로했다.강사님께서는 항상 코드 작성 전에 설계를 먼저하시는걸 중요시하셨다. 따라서 나도 수정 방식을 생각해봤다. 나는 두 가지 방식으로 접근했다. 우선 문제에서 요구하는 조건인 술과 장난감을 각각의 함수로 구현하여 한 번에 작동하는 방식으로 접근했다.그런데 여기서 문제는 술과 장난감이 따로인 조건이 아니라 술질문이 실행된 후 그것이 충족되지 않을 때 장난감질문이 실행되어야한다는 것이었다. 하지만 나의 코드는 각 질문에 따로노는 값을 출력하고 있었다. 함수안에 함수를 넣고 조건문을 구현해보려했지만 아무리 생각해도 대안이 떠오르지 않았다.다음 방식은 모든 경우의 수를 상정하고 if문 아래 중첩 elif문을 사용하여 구현하는 것이다. 검증을 위해 dictionary 의 value값을 여러조건에 맞게 직접 적용하여 모든 경우의 수를 실험했다. 결과적으로 구현에 성공했다.​소회이 코드가 앞선 코드보다 효율적인지 여부는 판별하기 어렵다. 다만 하나의 목표를 달성하기 위한 코드는 수도 없이 많다고 한다. 그래서 모든 코드를 만들어 볼 수는 없다. 그러나 내가 목표로한 코드를 작성했고 다른 방식으로 구현했다는 점이 만족스럽다. 앞으로 이런 식으로 코드를 응용하며 문제를 풀어나가려 한다. 이 방식이 옳은지는 아무도 모른다. 하지만 내가 지난 1주일 간 느껴온 것과 해왔던 공부가 이 결과를 만들어냈다. 앞으로도 노력해서 캠프를 무사히 완주하도록 할 것이다.​",2025-04-14 16:54:50
naver,회고,[플레이데이터 SK네트웍스 Family AI 캠프 6기] 1주차 회고,https://blog.naver.com/SympathyHistoryList.naver?blogId=chungyuj&logNo=223599128045&categoryId=POST,"9월 20일 첫 수업을 시작으로 1주차 회고를 쓸 때가 왔습니다.회고에 있어 여러 방식들이 있으나 KPT와 The four Fs ,4L 이 세 가지 방법을 끝까지 고민하다가 오늘 수업을 들으면서 4L 방식으로 써보기로 결정하게 되었습니다.Liked파이썬저에게 파이썬은 소설 속의 첫사랑 같은 존재였습니다. 한 번의 강렬한 만남 뒤에 헤어져 하얀 머리의 할머니가 된 뒤 ""그 사람은 정말 멋졌단다 호호""같은 대사와 함께 추억하는 존재였죠. 2021년에 흥미로 잠깐, 2024년 상반기에 정보처리기사 자격증을 준비하며 잠깐 공부를 했으나 '안다'라고 표현할 정도는 아니었으니 만일 준비하던 공무원 시험을 끝낸다면 한번쯤 제대로 다뤄보고 싶은 언어였습니다. 그래서 완전히 안다고도, 모른다고도 못하는 이 상황에서 수업을 듣는다는게 많이 두렵기도 했습니다. 그러나 막상 수업에 들어가고 보니 비전공자들이 많아서인지 강사님께서 정말 상세하게 알려주셨습니다. 그와 동시에 지금은 그냥 보기만 하라며 심화내용도 같이 예제로 보여주실 때가 있어 저에겐 딱 맞다라는 생각이 들었습니다.밥조부트캠프를 알아보면서 SK 네트웍스 Family AI 캠프에 대한 선배 기수들의 회고도 많이 봤었는데 그때도 인상 깊었던 것이 밥 조를 짜준다는 것이었습니다. 인간관계를 좁고 깊게 만드는 편이라 필요하다곤 생각했지만...디스코드에 처음 올라온 밥조 목록을 봤을땐 정말 앞이 컴컴했습니다. 다행히 첫 조부터 같은 책상을 공유하는 분도 있었고 다들 얘기를 많이 해서 한숨 돌렸습니다. 아마 저와 같은 조였던 분들은 제가 엄청나게 떨면서 말했다는걸 아셨을까요? 그 이후 이틀 차에 여럿이 모여 국밥집엘 간 저까지 7명이나, 랜덤으로 돌려서 짠 밥조나 최소 한 분은 얘길 나눈 분이 같이 있어 비교적 즐겁게 밥을 먹고 있습니다.​​​Learnd저번주 금요일에 첫 수업을 시작하여 오늘까지 진도를 나간 부분은 클래스의 상속 부분이었습니다.특수 메소드, __add__의 사용까지 나갔는데 강의를 들으면서 새롭거나 흥미로웠던 부분들을 적어볼까 합니다.​1.  for in 문정보처리기사 필기, 실기 시험을 준비하면서 계속 헷갈렸던게 C, Java, Python의 반복문들이었습니다.C의 for, whileJava의 for, while, do whilePython의 for in, while문제를 풀면서도 for문에 for i in range를 적고 있고, for in 문에 for(i=0;i<10;i++)를 적고 있는 제 자신을 발견할 때도 많아 이 부분은 정말로 제대로 배우고 싶었습니다.​파이썬을 배우기에 for in만을 얘기해본다면,돌릴 수 있는(반복 가능한) 객체를 주어 이것이 다 돌아갈 때까지 반복을 시켜주는 구문입니다.용어를 사용하면Iterable 객체를 순환조회하는 구문입니다.C에서 쓰이는 for문은 시작점, 반복조건, 변화값을 주어 이 시작점이 반복조건으로 가는데까지 반복을 했다면파이썬의 for in문은 객체 내에 첫 번째 인덱스[0]이 시작점이고 마지막 인덱스까지 가면서 한 인덱스마다 실행을 하는 것. 강의 시간에 문제로는 구구단 2단을 만드는 것을 했지만 구구단표도 만들 수 있다는 말씀에 한번 만들어봤습니다.# 구구단표 만들어보기foriinrange(1,10):forvinrange(1,10):ifv==9:print(f""{v} x {i} = {v * i}"")else:print(f""{v} x {i} = {v * i}"",end=""\t"")구구단은 (1) X (2) = (3)의 형태로 (1)과 (2)의 숫자가 둘 다 바뀝니다. 그렇기에 for in문을 두 번 써야 하는데1 X 1 = 1 옆에 1 X 2 = 2가 아닌 2 X 1 = 2가 나오므로 제일 나중에 바뀌는 숫자를 (2)로, 먼저 바뀌는 숫자를 (1)로 정했습니다.그렇게 해서 1단부터 9단의 첫 번째 줄을 만드는데 1 ~ 8까지는 tab으로 구분할 수 있게 했고 제일 마지막 9단에서 다시 1단의 두 번째 줄로 시작하는 부분은 원래 default대로 엔터로 끝나게 구현했습니다.​2. Comprehension, lambda프로그래머스의 파이썬 문제들을 보면 분명 내 코드는 이렇게 긴데 다른 사람들의 코드는 왜 한줄이지?하고 궁금했던 적이 많았습니다. 그 이유가 여기에 있었습니다.#3의 배수만 찾아서+5를 한다.result=[]forvinl:forvalueinv:ifvalue%3==0:result.append(value+5)print(result)기존 코드가 이렇게 있다면[float(value)+5forvinlforvalueinvifvalue%3==0]Comprehension을 사용하면 이렇게 한줄로 표현을 할 수 있는 것이었습니다.코드가 더 길어진다면 가독성을 위해서 기존 코드처럼 작성을 하는 것이 맞겠지만, 간단한 코드이고, 한줄씩 실행을 하게 되는 REPL방식이라면 후자가 더 빨리 처리되지 않을까하여 조금 더 익숙해지게 연습을 하고 있습니다.​Lambda도 역시 간단한 코드를 한줄로 줄여 나타낼 수 있어 연습을 해보고 있으나 조금 더 익숙해져야 할듯 합니다.​3. 함수, 클래스요며칠 가장 많이 생각하게 되는 부분입니다. 클래스와 함수, 메서드를 사용하면 실제로 존재하는 한 객체를 표현할 수 있다 생각이 되어 전공 시간에 관계형 데이터베이스 등 데이터베이스를 배웠을 때와 비슷하게 재밌다고 생각합니다. 특히 def __init__(self)와 같은 특수 메소드를 오늘 배웠는데 정말 흥미로웠습니다.규칙을 지정한다거나 조회를 막는다거나 하는 property, getter, setter 역시도 배웠습니다. 이 부분은 클래스를 더 배우고 나서 더 적어보려고 합니다.​​​Lacked배우면서 가장 아쉬웠던 것은 이전에 배웠을 때나 프리코스를 들었을 때 배운 것으로 여러번 코드를 작성해보고 들었다면 더 잘 따라가고 수업 내용 이상을 생각해볼 수 있었을거 같습니다. 코드 예제를 타이핑함에 있어 생소한 부분이 있다보니 이해보다 먼저 따라 타이핑해보고 강사님의 컴퓨터에는 잘 돌아가지만 제 컴퓨터에는 오류가 나는 경험이 종종 있습니다. 대학생때 R 프로그래밍을 했을 때도 오류가 나면 꼭 문장부호나 띄어쓰기나 철자 오류 등이 있었는데 그때의 경험을 되짚어보며 다시 코드를 꼼꼼히 보고 작성해야겠습니다.​​​Longed_For객체와 메소드, 함수를 이용해서 간단한 가계부 프로그램을 만들어보고 싶다는 생각을 하고 있습니다. 요즘 노션으로 매일매일의 일과, 식재료 관리 템플릿 등을 만드는게 소소한 취미인데 가계부 템플릿을 도전을 했다가 마음에 들지 않게 만들어졌습니다. 손톱의 거스러미 같이 매우 신경쓰이는 와중 클래스를 배우면서 개인 정보를 넣고 수입, 지출 등을 메소드로 처리를 할 수 있겠구나 하는 생각이 들어 한번 도전해보고 싶어졌습니다.이전에 파이썬에 처음 흥미를 가지게 됐을때 게임 개발에 관심이 있던 친구가 파이썬으로도 게임을 만들 수 있다며 ""디자인은 내가 할테니 너는 코드만 짜줘""란 말도 다시 떠올라 그것도 한번 해보고 싶습니다.​이것저것 떠오르는 것은 많지만 첫 주차 회고를 쓰며 가장 해보고 싶은 것은 역시 단위 프로젝트때한 사람의 프로그래머로 내 몫을 다하기인거 같습니다.어쩌다보니 12시가 지나 금요일 회고가 아닌 토요일 회고가 되어버렸지만 다음주에는 확실한 금요일 회고가 될 수 있게 적어보려고 합니다. 이렇게 하루를 마무리하는 것도 괜찮다 생각을 하며 회고를 마치겠습니다.",2025-04-14 16:55:25
naver,회고,[플레이데이터 SK네트웍스 Family AI 캠프 6기] 1주차 회고,https://blog.naver.com/SympathyHistoryList.naver?blogId=ajeria0323&logNo=223601177708&categoryId=POST,"반도체 전공자인 내가 갑자기 코딩을...??!​내 인생에 코딩을 다시 공부할 순간이 올거라고는 상상도 못했다. 대학교 때 필수 교양으로 Python, C언어를 배웠었지만 기억하는거라곤 ""Hello world"" 하나 뿐... 이럴 줄 알았으면 그때 열심히 들어둘걸이라는 아쉬움이 든다.​오늘 날에 개발 업무에 관심을 가지게 되는건 굉장히 자연스러운 흐름인 것 같다. 갈수록 AI가 적용되지 않은 전자기기를 찾는게 어렵고, 데이터를 다루지 못하는데서 오는 뒤쳐짐이 묘한 불안감을 불러일으키는 기분이다. 기술 흐름에 못 따라가는 엔지니어 수명이 얼마나 갈까... 배울 수 있을 때 뭐라도 많이 배워두자 싶고, 반도체랑 AI를 접목시킬 수만 있으면 뛰어난 인재(?)가 될 것만 같아서 <SK네트웍스 Family AI 캠프>에 지원했다.​1주차 학습 내용​※ 학습내용은 나중에 기회가 된다면 블로그에 별도 카테고리를 만들어서 정리해보도록 하고 회고록에는 느낀점 위주로 적어보려고 한다.​1주차에는 Phython의 전반적인 부분을 배웠다. 실행환경 부터 기본적인 용어, 함수와 메소드를 비롯한 다양한 기능들에 대해 학습했다. 교재를 무료 제공해줄 뿐더러 강사님께서 강의자료도 따로 주시지만, 개인적으로 혼자만의 표현으로 정리할 때 가장 공부 효율이 좋아서 매 수업시간마다 원노트에 강의 내용을 필기하는 중이다.이번 주차에 필기한 내용을 캡쳐해서 조금 들고 왔는데 딱 봐도 Python 시작했구나 하는 사람의 노트ㅎㅎ(진짜진짜 블로그에 나중에 제대로 정리해야지)​1주차 강의 내용 중 일부교육을 들으면서 좋았던 점이 있다면,​내 예상보다교육 진도가 빠르지 않다는 점이었다. 비전공자이기 때문에 못 따라가면 어떡하지 걱정이 많았는데 강사님께서 초보자도 쉽게 이해할 수 있는 속도로 강의를 진행해주신다. 매일 아침마다 전 날에 배운 내용을 복습하고 넘어가는 것도 큰 도움이 되고 있다.​실제로 코드를 짜보고, 연습문제를 풀 수 있다는 부분도 만족스러웠다. 단순히 개념만 공부했다면 아리쏭했을 부분들도 직접 해보니 무슨 말인지 확 와닿았다. 특히 단원마다 존재하는 마지막 테스트? 연습문제?는 내가 제대로 이해한게 맞는지 확인해볼 수 있어서 좋은 기회로 다가왔다.​​하지만...하루 8시간 교육이다보니 지치는건 어쩔 수 없는 것 같다. 체계적인 과정과 공부할 수 있는 최적의 환경이 제공되는건 맞지만 매일 8시간씩 일주일 내내 수업을 듣는게 쉽진 않다.피곤하다기 보단 몸과 정신이 지쳐가는...그리고 워낙 하루에 배우는 양이 많다 보니까 수업 한번 빠지면 타격이 만만치 않을 것 같다. 되도록 수업에 빠지는 일이 없는게 좋을듯 하다.​​스스로 보완할 점이 있다면,내 코딩은 너무 길다는 점이다. 쓸데없는 내용을 종종 추가할 뿐더러(안넣어도 충분히 동작하는 내용들..) 더 짧게 작성할 수 있는 코드도 굳이굳이 길게 작성하고 있다. 연습문제를 풀고 나서 강사님이 풀어주시는 것과 비교할때마다 아차 싶은 순간이 많다. 배운 내용들을 적재적소에 응용할 수 있는 능력을 키워야할 것 같다.​배웠던 내용도 매일 복습하고!​필기 내용도 정리하고!​집에 도착하면 너무 피곤하지만 다음주는 좀더 적응해서 이번주에 못했던 일들도 다 할 수 있길 바란다.​​​​​​​​​",2025-04-14 16:55:49
naver,회고,SK네트웍스 Family AI 캠프 4기 1주차 회고,https://blog.naver.com/SympathyHistoryList.naver?blogId=from_silla&logNo=223544687512&categoryId=POST,"1. Liked가장 큰 장점은 오프라인 부트캠프이니까 규칙적인 생활을 하게 된다는 것이다.9시까지 독산역으로 가야하니까 출근시간을 최대한 피해 8시반까지 도착하려고 노력하는 편이다.다른 장점을 꼽자면 학원 밥이 생각이상으로 잘나온다. 밥 맛집그리고 무엇보다 강사님이 열정적이시고 실제로도 유용하게 많이 쓰는 VS코드 단축키를 많이 알려주셨다.​Alt + Shift + ↓ 를 누르면 아래 방향으로 현재 라인에 코드를 복사해준다.단어 옆에서 Ctrl + Shift + L 을 누르면 코드내 같은 단어들이 선택된다. 이는 변수명을 바꿀 때 유용하다.Alt키를 누른채 클릭을 하면 서로 다른 곳에 멀티커서가 가능하다.변수명 한 가운데서 F2키를 눌러서 바꾸면 해당 변수명이 적혀 있는 모든 파일에서 이름을 유용하게 바꿀 수 있다.​지금은 기초를 배우면서 내가 했던 것들을 다시 되돌아 보는 시간을 가지고 있다.특히 문제에 대해서 강사님의 접근법을 배워가면서 실제로 현업에서 관련 코드를 쓴다면 어떤 상황을 고려해야하는지 알게 되었다.​2. Lacked배우면서 틈틈히 백준에서 문제를 풀었는데 예전에 풀었던 문제들도 오랫동안 붙잡으면서 고민을 하거나 아예 못푸는 경우도 있었다. 특히 자료구조는 배웠었는데 다시 한번 봐야하지 않을까 싶다.무엇보다도 지금 나는 컴퓨터 관련 기초 cs지식이 부족하다고 생각했다.​https://medium.com/jinshine-%EA%B8%B0%EC%88%A0-%EB%B8%94%EB%A1%9C%EA%B7%B8/%EC%BB%B4%ED%93%A8%ED%84%B0-%EA%B8%B0%EC%B4%88-%EB%A9%94%EB%AA%A8%EB%A6%AC%EA%B5%AC%EC%A1%B0-memory-structure-4fa6010f333e​특히 코드를 설명하면서 메모리 구조를 그려주셨는데 살면서 처음 봤다.전공자에 비해서 이런 부분이 많이 모자라니 이쪽도 대비를 해야겠다.​​3. Learned앞서 언급했듯이 이번주는 파이썬 기초를 배웠는데이번주를 겪으면서 내가 제일 많이 다시 읽어봤던 부분은 오히려 첫날이었다.첫날은 파이썬 기초 중에서도 쌩기초였는데 의외로 내가 놓치고 있는 부분이 많았다.대표적으로 문자열과 .join()에 관한 점이다.숫자를 하나 입력을 받는데, 그 숫자가 좌우 대칭이면 대칭을 출력 그렇지 않으면 비대칭을 출력하는 문제이다.위에 작성한 내 코드가 틀린 것은 아닌데 주의해야할 점이 하나 있다.주석으로 달려있듯이 문자열끼리 덧셈은 권장되지 않는다. 특히 문자열이 길어질수록 더 권장하지 않는다.이유는 간단하다. 문자열끼리 연산자 덧셈은 메모리 공간을 비효율적으로 잡아먹으면서 연산이 오래걸린다.​그래서 코드를 수정했다.수정전에는 빈 문자열을 만들어 앞에서 부터 더해주는 식으로 했다면이 코드는 빈 리스트를 만들어 앞에서 부터 insert를 사용해 숫자들을 넣어주고 join을 이용하여 한번에 합쳐준것이다.​문제에서 요구하는 대칭 비대칭은 원본에 값을 뒤집었을 때 원본이랑 같은지 다른지로 쉽게 알 수 있다.​4. Longed for바라는 점은 너무 초반에 끌어올라서 후반에 뒷심이 약해지는 것보다 진득하게 지속되고 싶다.그리고 신청해놓은 자격증은 무사히 마무리 했으면 좋겠다.아직 다닌지 일주일 밖에 안되어서 퇴근길 지옥철을 뚫고오면 너무 피곤하기 때문에어서 빨리 적응을 해서 다른 활동도 좀 더 했으면 좋겠다.",2025-04-14 16:56:35
naver,회고,8월 3주차 회고,https://blog.naver.com/SympathyHistoryList.naver?blogId=wldus021026&logNo=223560235375&categoryId=POST,"지원동기:원래는 건축공학과를 전공했다. 학교에서 진행하는 전공교양 수업 중에서 unity 프로그램을 활용해서 자신이 작업했던 작은 건축물을 VR/AR로 구현해보는 과목이 있었는데 이때 프로그래밍에 흥미를 느끼고 공부해보고 싶어졌다.​직접 실습도 진행하고 협업 프로젝트를 하는게 실력을 높이고 경험을 쌓는데에 도움이 훨씬 많이 될 것 같아서 부트캠프를 알아보기 시작했다.​그러던 와중 sk네트웍스 ai캠프를 발견하게 되었고, 내가 알아본 것 중 ai를 다루고 LLM활용 교육 과정이 들어있는 것은 이 캠프밖에 없었어서 지원하게 되었고 운이 좋게 선발되어 다니게 되었다.비전공자이고 파이썬도 다 처음이라 걱정이 되었지만 개강 전에 주신 사전 학습 동영상 덕분에 공부를 조금 하고 갈 수 있었다.​​​​FACT(일주일 동안 배운 것)😎Day1- 파이썬 환경설정 방법, 기본 사용법-변수-문자열- 자료형 : 숫자, 불​Day2- 조건문 :if, if~else- 반복문- break / continue- 자료구조- 리스트,튜플,딕셔너리,셋- 리스트 컴프리헨션​Day3- while  조건문- def 함수- 매개변수 : positional arguments, 기본매개변수, 가변매개변수, 키워드가변매개변수- 리턴값​Day4- 익명함수->람다- 파이썬에는 함수를 매개변수로 받는 함수가 존재- map, filter, reduce-sum(sample1,[ ]) # 암기...2차원 데이터를 1차원으로 펴기 (flatten) **- 파일 처리 : with 절- 예외처리- try ~ except- raise Exception(""예외발생"")​​​Feelings 🥲첫 주 4일 동안 정말 많은 내용들을 배웠는데 개강 전에 미리 들었던 프리코스 파이썬 강의가 많은 도움이 된 것 같다.​강사님께서 개념들을 설명해주시고 바로 응용해 볼 수 있도록 투표 시스템 만들기, 메뉴 입력 시스템 만들기, 가위바위보게임, 숫자맞추기 게임 등 실습 예제들도 만들어주셨는데, 처음에는 어디서부터 어떻게 시작해야 할지 감도 잡히지 않았고. 처음엔 그저 강사님만 따라하듯이 작업하기 바빴다.​하지만 예제 풀이 법들을 보면서 내가 개념들 중에 어느 부분이 잘 이해가 가지 않았는지 확실히 알게 되었다. 나중에 내가 한 줄의 식이라도 작성해 볼 수 있게 됐을 때는 쾌감을 느꼈다.​​​​Findings✌️나는 for() 반복문과 함수 활용 부분에 특히 약했던 것 같다.​서로 다른 로또 번호 다섯 가지를 출력하는 식을 만드는 실습 문제가 있었다.처음 작성했던 식을 출력하니 같은 로또 번호 6자리가 다섯 번 출력 되었다.​​importrandom# result = []# subResult = []​# random.randint(1, 46) # 1~46 사이의 숫자중에 랜덤한 숫자를 반환# for문을 이용해서 리스트에 랜덤한 데이터 5개를 저장​lotto =[]lottos =[]​foriinrange(2):lotto.clear()# 재 사용을 위해서 저장했던 리스트를 비움forjinrange(6):# 1~46사이 숫자중에 랜덤한 숫자를 발생lotto.append(random.randint(1,46))# 저장​lottos.append(lotto)# 랜덤한 6개의 숫자로 된 리스트를 다시 리스트에 저장​​# 출력foriinlotto:print(lotto)​​lotto 리스트를 비우는 명령어로 .clear() 함수를 사용했다.이때 .append()함수가 참조 복사를 통해 실행되는 함수라 .clear 로 데이터가 삭제되면서 최종적으로 같은 조합들이 나오게 된 것이다.​결국 lotto.clear()가 아닌 lotto = [ ] 로 식을 수정해서 결과 값을 도출해낼 수 있었다.​참조 복사 라던가 강사님께서 설명해주신 얕은 복사, 깊은 복사의 개념이 처음엔 이해하기 어려웠다.​여러 문제들을 풀어보고 연습할 수록 이해력도 높아지고 점점 활용도도 커지고, 생각의 범위도 넓어지는 것 같다.​이틀만 지나도 내용이 가물가물해지는데, 이 개념들을 나중에 응용하려면 반복 공부가 정말 중요한 것 같다.​​​Future 👊첫 일주일은 환경도 낯설고 9~18시 까지의 수업도 생각보다 더 길게 느껴져서 적응하는 기간이었던 것 같다.​교육시간이 긴 만큼 내용이 하루에 정말 많은 것을 배우게 된다. 다음 날을 위해서라도 당일 이해하지 못했던 것은 그 당일에 이해하고 넘어가는 것이 가장 중요한 것 같다.​집에 가서 복습한다 해도 많은 시간을 투자하진 못했던 것 같은데, 2주차 때는 수업이 끝나고 강의실에서도 잠깐이라도 복습하고 가는 등 공부 시간을 더 늘려볼 것 이다.​​​​",2025-04-14 16:56:58
naver,회고,SKN AI 부트캠프 5기 8월 3주차 회고록,https://blog.naver.com/SympathyHistoryList.naver?blogId=pbr2858&logNo=223559468523&categoryId=POST,"Weely 회고 -1주차 (8월 3주차)SK networks AI camp이 부트 캠프를 선택한 이유우선, 저는 통계학과를 재학 중이며 데이터 분석 분야로 취업하기 원했습니다사람인에 들어가 지원 조건을 보니 SQL, 파이썬 사용자 우대...저는 학교에서 다룬 언어들만 할 줄 알았습니다​빡공단도 참여해보고 혼자도 공부해보고 저 두 언어를 공부하기 위해 여러 시도를 했지만 의지박약이라 3일 하면 놀고... 미룬이가 되...빡공단은 열심히 참여하긴 했지만... 강의 듣고 인증하면 되는 식이라 활용하는 능력이 부족했어요​그래서 누군가 관리해주고 모르면 알려줄 수 있는 그런 활동을 찾다가 발견하게 된 게 이 부트캠프였습니다데이터분석으로 취업을 원했지만 요즘 인공지능이 또 대세잖아요 다른 AI 개발자 캠프에는 데이터분석을 여기만큼 많은 시간을 할당해 주지 않더라구요​즉, 커리큘럼이 저랑 너무 잘 맞았다!!혹시 관심이 있어서 이 블로그에 들어오셨을수도 있으니, 아래 커리큘럼을 참고해주세요교육과정현재 4일밖에 안 나갔지만 그동안 한 내용을 정리해보자면240820  1일차:파이썬 개발 환경과 가상 환경 세팅/ 숫자열과 문자열 활용하기/ 연산자예시#숫자 연산 기초 문제
#두 개의 숫자를 입력 받아,이들의 합과 차,곱,몫,나머지를 출력하는 프로그램
a=input(""첫번째 숫자를 입력해 주세요"")b=input(""두번째 숫자를 입력해 주세요"")print(""합:"",int(a)+int(b))print(""차:"",int(a)-int(b))print(""곱:"",int(a)*int(b))print(""몫:"",int(a)//int(b))print(""나머지:"",int(a)%int(b))#문자열 길이 구하기 문제
#사용자로부터 문자열을 입력받아,그 문자열의 길이를 출력하는 프로그램을 작성하시오
str_input=input(""문자열을 입력하세요"")print(len(str_input))#숫자와 문자열 변환 문제
#사용자로부터 숫자를 입력받아,그 숫자를 문자열로 변환한 후 문자열의 길이를 출력하는 프로그램을 작성하시오
num_input=input(""숫자를 입력하세요"")print(len(str(num_input)))240821   2일차:논리 연산자/조건문/ 리스트/ 반복문예시#중복없이1~45데이터 중에6개를 생성해서 리스트에 담는다importrandom
lotto=[]foriinrange(100):iflen(lotto)==6:breakrandom_data=random.randint(1,46)lotto.append(random_data)ifrandom_data notinlotto:lotto.append(random_data)print(lotto)#while반복문
lotto=[]whilelen(lotto)<6:random_data=random.randint(1,46)ifrandom_data notinlotto:lotto.append(random_data)print(lotto)240822  3일차:문자열 리스트, 딕셔너리, 함수 기본예시defdisplayMunu():print(""1,짜장 \t\t 2. 짬뽕"")print(""3. 탕수육 \t 4. 군만두"")print(""종료는 1-4를 제외한 번호를 입력하시면 정산이 됩니다.."")defgetMenu():menu=int(input(""메뉴를 선택하세요.""))print(""-""*50)ifmenu>4or menu<1:returnFalsereturnmenu

#리스트를 받았을 떄 해당 리스트의 숫자별 카운트
defcountList(list):price={}# price를 딕셔너리로 변경foriinlist:ifiinprice:#dict에 키 값이 있으면 카운팅
      price[i]+=1else:#키가 없으면 키와 값을 생성
      price[i]=1returnprice

result=[]whileTrue:displayMunu()menu=getMenu()ifnot menu:breakresult.append(menu)print(f""{menu}를 선택하셨습니다"")print(""-""*50)defgetTotalPrice(result):counter_dict=countList(result)price_list=[100,200,300,400]total_price=0forkey,valueincounter_dict.items():total_price+=price_list[key]*valuereturntotal_price240823  4일차:함수 고급/딕셔너리 정리/ 구문 오류와 예외예시user_input_a=input(""정수 입력> "")#사용자 입력이 숫자로만 구성되어 있을 때ifuser_input_a.isdigit():#숫자로변환
  number_input_a=int(user_input_a)#출력print(""원의 반지름:"",number_input_a)print(""원의 둘레:"",2*3.14*number_input_a)print(""원의 넓이:"",3.14*number_input_a*number_input_a)else:print(""정수를 입력하지 않았습니다."")#try-except 구문try:#숫자로 변환합니다.user_input_a=int(input(""정수 입력> ""))#출력합니다print(""원의 반지름:"",number_input_a)print(""원의 둘레:"",2*3.14*number_input_a)print(""원의 넓이:"",3.14*number_input_a*number_input_a)except:print(""정수를 입력하지 않았습니다."")LIKED (좋았던 점)SKN 부트캠프에 참여하게 되면 파이썬 기초와 깃허브 사용법 등 강의를 들을 수 있습니다.파이썬을 이용한 강의만 봤지 실제로 코딩은 처음해 기초가 부족한 비전공자여도 강의를 보고 따라갈 수 있어 좋았습니다.보기엔 같은 프로그램이지만 여러 코드를 사용해서 구현한다던가 이런 저런 방법이 있다는 거를 알려주셔서 너무 좋았어요또한 혼자 공부하면서 오류를 해결하기 어려운 경우가 되게 많았는데 SKN에서는 강사님과 주위 도움을 받을 수 있어서 좋은 것 같아요​LACKED(부족한점)의지박약인 저는 이 캠프를 오기 전에 사실 올려주신 강의를 딱 하나 봤어요그나마 해본 코딩도 R프로그래밍이나 SAS, VBA 만 해봤고 교수님이 올려주신 강의안을 따라치는 정도였습니다실제로 프로그램을 만든다는 생각도 못했고 여러 방법을 배워도 활용을 못했던 것 같아요​4일차에 실제로 학사관리 프로그램을 만들려고 시도해봤는데 어느정도는 끄적이지만 그 코드가 강사님과 다르면 강사님 코드를 따라치게 되더라구요...코드가 다르다면 제 나름 활용을 해야하는데 그게 부족한 점이 아닐까... 싶습니다​수업 진도는 따라가고 있지만 프로그램을 만드는 등 활용 부분에서 부족하다는 것을 느끼면서도 칼퇴를 하고 있습니다... 다음 주부터는 남아서 공부 꼭!!!! 하고 가려구요...​LEARNED (배운점)파이썬의 인강을 보거나 활용을 했을 때 VS code를 사용했었는데 colab이라는 사이트에 들어가서 코딩을 할 수 있다는 것이 신선한 충격이었어요주석을 달고 제가 원하는 프로그램을 적으면 인공지능이 코드를 짜준다니... 정말 너무 신기했어요에러와 버그가 같은 건 줄 알았는데 그게 차이가 있더라구요버그(BUG)프로그래머에 의한 에러에러(ERROR)응용프로그램 사용자에 의해 발생하는 에러알잘딱깔센으로 알아 들으시겠지만... 이러한 사소한 언어 하나부터 비전공자라는 게 느껴지더라구요​이미 실력이 있으시다면 그 코드를 참고해서 다른 코드를 짜거나 더 많은 작업을 하실 수 있겠지만... 저는 그렇게 코드가 나와버리니 그거를 따라가게 되더라구요혹시 코랩으로 코딩을 시작하시는 분이라면 주석을 달지 않고 코딩을 해보시는 거를 추천드립니다... 저는 이미 맛을 봐버렸어요​지금까지 느낀 SKN의 장단점장점:1. 8:30~21:50까지 오픈한다 공부하고 싶을 때 남아서 할 곳이 없는데 공부도 할 수 있고 너무 좋아요2. 마지막 프로젝트할 때 팀마다 한 분씩 현업에서 일하고 계신분에 멘토로 붙는다3. 총 3번의 상담이 있고, 추가 상담이 필요한 경우엔 추가로 상담을 할 수 있다​단점:1. 일단 독산역이라 출퇴근 시간에 헬이다 진짜 차가 너무 막혀요2. 아무래도 부트캠프고 전공자들이 있다보니 기초부터 천천히 알려주시진 않는다 열심히 따라가야 한다3. 개인적인 단점은 라운지에 차랑 커피만 있다 아이스티나 초코 이런 것도 있었음 좋겠어요​​SKN에 대해 궁금하다면, 더 자세한 내용은SK네트웍스 Family AI캠프 (networks-aicamp.io)SK네트웍스 Family AI캠프SK네트웍스 Family AI Camp와 함께 성장 가능성 있는 개발자로 취업하세요.networks-aicamp.io​",2025-04-14 16:57:24
naver,회고,SK네트웍스 Family AI 캠프 5기 1주 차 회고,https://blog.naver.com/SympathyHistoryList.naver?blogId=anthony_0502&logNo=223559662986&categoryId=POST,"어느덧 SK네트웍스 Family AI Camp와 함께한 지 4일이 지났다. G 밸리캠퍼스는 독산역 1번 출구에서 도보로 5분 거리에 위치해 있다. 무더운 날씨와 등원 시간이 길어 힘들긴 하지만, 이 부분은 점차 익숙해질 것이라고 생각한다.​나​는 공장에서 엔지니어로 n 년 근무한 경력이 있다. 즉,나는 비전공자이다. 평소 코딩에 관심만 있던 상태였다. 이런 내가 AI 캠프를 수강하겠다고 결정한 이유는 바로SK네트웍스 Family AI 캠프의 독특하고 체계적인 커리큘럼 때문이다.​캠프 등록 후 프리코스 강의를 통하여 파이썬 및 Git에 대한 기초를 다질 수 있었다. 개강 후에는 가장 먼저 파이썬과 SQL을 학습하기 때문에 기초를 튼튼히 할 수 있을 것이라고 판단했다.​이후 데이터 분석과머신러닝, 딥러닝을 학습하고 최근 핫한LLM을 학습하면서 남들과는 다른 경쟁력을 쌓을 수 있다고 판단하였다.​AI 활용 애플리케이션 개발교육을 통하여 웹 사이트, 클라우드 등 다양한 지식을 쌓을 수 있고,Final Project 멘토링 과정을통하여 현직자들의 피드백 및 노하우를 받을 수 있다는 점에서 상당히 좋은 교육이라 생각했다.​​좋았던 것1. 고층에 위치한 학원과 깨끗하고 넓은 공간이었다.(화장실도 매우 깨끗하고 널찍하다. 화장실이 깨끗하면 말 다한거다.)커피를 내리면서 감상하는 독산역의 경치는 정말 아름답다.​2. 구내식당이 저렴하고 너무나도 맛있다. 가격은 6800원으로 정말 저럼한데 메인 반찬이 내 기준으로 3개가 나온다.(사람마다 다를 수 있음!)취준생이라 조금이라도 돈을 아껴야 하는데 밥, 돈 걱정을 한 번에 해결할 수 있었다.​3. 좋은 환경에서 학습할 수 있다. 편도 1시간 30분의 등, 하원 시간이 걸린다는 단점이 있다. 하지만, 오프라인 수업의 장점과 열정적인 강사님, 꼼꼼하게 챙겨주시는 매니저님들 덕분에 얻는 이점이 더 크다.​4. 자유로움을 느낄 수 있었다. 나는 공장에서 일했었는데, 보통 공장 사무실은 꽉 막힌 분위기다. 예전부터 개발자들이 자유롭다고 들었는데, 직접 확인하니 신선한 충격이었다. 큰 창으로 보이는 아름다운 경치와 오픈된 책상, 좋은 교육장과 넓고 자유로운 분위기 덕분에 자유롭다는 느낌을 받았다.​배웠던 것첫 주에는 개발 환경 설정과 파이썬 기초에 대해 배웠다. 비전공자의 입장에서 진도가 매우 빠르다. 컴퓨터 언어에 대한 지식이 없다면 어려울 수 있다는 생각이 들었다. 나는 교육 전에 프리코스를 통해 파이썬 기본을 두 번 이상 돌렸고, 그 덕분일까? 아직까지는 아등바등 따라가고 있다. 만약 비전공자이면서 이번 캠프에 참여하고 싶다면, 프리코스를 완벽하게 이해하고 오는 것이 좋겠다. 함수 및 오류 해결 부분에서 조금 힘들긴 했지만, 주말 동안 복습한다면 따라갈 수 있을 거라 생각한다.첫 주에는 파이썬 기본 설치 및 문법에 대한 교육을 받았다. 파이썬에 관심을 가졌던 사람이라면 알고 있는 내용이므로, 여기에서 자세히 다루지는 않겠다. 어떤 내용을 학습했는지 궁금하다면 왼쪽의 네비게이션에 있는 ""강의 내용 정리"" 코너를 확인해 주길 바란다.​부족했던 것나는 코딩에 대한 경험과 지식이 부족하기 때문에 코드를 많이 접해보는 것이 중요하다고 생각하고 있다. 강의가 끝난 후에는 정리와 복습을 진행해야 하는데, 많은 시간이 소요되어 생각보다 쉽지가 않다. 첫날에 코딩 도장을 통해 사용법을 익히려고 했지만, 아직까지 한 문제도 풀지 못했다. 깊이 반성하고 있으며, 매일 몇 문제씩 풀어 풀이법을 탐구하는 시간을 가지기로 약속하겠다.​+ 처음 만나서 접점이 없어서 그런지, 모두 너무 조용하다. 3일 차까지 모든 쉬는 시간은 고요함 그 자체였다. 4일 차에는 조금 나아졌다. 다음 주에는 더 나아지지 않을까 기대하고 있다.​바라는 것우리 반은 비전공자의 비율이 높은 것 같다.(나의 생각이다.)모두가 열심히 해서 낙오자 없이 5기 모두가 수료하였으면 좋겠다. 모두가 서로에게 도움을 줄 수 있는 멋진 개발자가 되었으면 좋겠다.​​​​...​",2025-04-14 16:57:46
naver,회고,SKN 2주차 회고 TIL,https://blog.naver.com/SympathyHistoryList.naver?blogId=veetoveen&logNo=223709746217&categoryId=POST,"FACTS이번 주차에는 본격적인 Python을 기본적으로 응용해서 사용할 수 있는 방법에 대해 알아보았습니다.파이썬으로 함수와 클래스를 만들어서 코드의 가독성을 높이고, 더 나아가 사용자 모듈과 패키지를 만들어 import 해오는 실습을 진행했습니다.이 밖에도 파일을 파이썬을 이용해서 읽고 쓰는 방법, 예외가 발생했을 때 어떻게 회피할 수 있는지(try-exception)에 대한 것도 다뤘습니다.파이썬 패키지 중 하나인 streamlit을 이용해서 간단하게 웹 프론트를 만드는 실습을 진행 했습니다.추가적으로는 git과 github의 관계와 git을 이용해 github의 버전관리를 하는 방법에 대해 간단히 알아보았습니다.​FEELINGS개인적으로 가장 인상 깊었던 실습은 역시streamlit 실습​입니다, 그동안 배웠던 파이썬 기초 문법들을 이용해 streamlit 패키지 안의 함수들과 조합하여 보다 동적이고 괜찮은 웹 페이지를 만들 수 있었기 때문입니다.추후에 가벼운 웹 프론트 만들기 등 토이 프로젝트로 다뤄보기 좋은 패키지인 것 같다고 느꼈습니다.​FINDINGS__str__ 이라는 내부 모듈에 대해 알게되었습니다. 이 모듈은 사용자가 class에서 따로 return값을 지정해주지 않는다면 기본적으로 클래스로 만든 인스턴스의 주소값을 보여주게 됩니다.파이썬 중에서도 조금 깊은 내용에 해당하는데, 심도있는 공부를 한 기분입니다.​requirements.txt를 이용해서 사용자가 필요한 파이썬 패키지를 버전에 맞춰서 한꺼번에 설치할 수 있다는 사실은 알고있었습니다. 그러나 현재 로컬 PC로 부터 requirements.txt를 만들 수 있다는 사실은 이번에 새로 알게 되었습니다.​예외처리에서 try-exception은 지난시간부터 익숙하게 썼지만, finally와 else는 제대로 이해를 하지 못했습니다.어느 시점에서 finally이하의 코드, else 이하의 코드가 실행 되는지 몰랐지만, 이번에 알게 되었습니다.finally: try의 코드가 거짓이라 exception에 걸려도 실행되는 코드else: try의 코드가 정상 동작하며 exception에 걸리지 않아야만 실행되는 코드​파이썬으로 간단하게 WEB 프론트를 만들게 해주는 Streamlit 패키지해당 패키지를 통해 데이터를 사용자로부터 input받는 방법, session을 유지하여 동적으로 코드가 실행되도록 하는 방법, 데이터를 보여주고 데이터를 시각화하여 WEB에 보여주는 방법 등을 알 수 있었습니다.​FUTUREstreamlit 패키지에 대해 개인적으로 공부해서 간단하게 WEB 프론트를 수업때보다 퀄리티 있게 만들어보고, 이를 응용해서 웹 개발 프로젝트를 해볼 수 있을거같습니다.",2025-04-14 16:58:10
