ë¸”ë¡œê·¸ì£¼ì†Œ,ê²Œì‹œê¸€ì œëª©,ì£¼ì°¨,ë¬¸ë‹¨,ë¬¸ë‹¨ìˆœë²ˆ
https://blog.naver.com/PostView.naver?blogId=junehoo4248&Redirect=View&logNo=223754380552&categoryNo=1&isAfterWrite=true&isMrblogPost=false&isHappyBeanLeverage=true&contentLength=15908,SKë„¤íŠ¸ì›ìŠ¤ Faily AIìº í”„ 10ê¸° 1ì£¼ì°¨ íšŒê³ ë¡ (25.02.06 ~ 25.02.9) : ë„¤ì´ë²„ ë¸”ë¡œê·¸,1,ë‚˜ëŠ” ëˆ„êµ¬ì¸ê°€?,1
https://blog.naver.com/PostView.naver?blogId=junehoo4248&Redirect=View&logNo=223754380552&categoryNo=1&isAfterWrite=true&isMrblogPost=false&isHappyBeanLeverage=true&contentLength=15908,SKë„¤íŠ¸ì›ìŠ¤ Faily AIìº í”„ 10ê¸° 1ì£¼ì°¨ íšŒê³ ë¡ (25.02.06 ~ 25.02.9) : ë„¤ì´ë²„ ë¸”ë¡œê·¸,1,ì‘ë…„ì— ì†Œí”„íŠ¸ì›¨ì–´í•™ê³¼3í•™ë…„ê¹Œì§€ ì¬í•™ í•˜ì˜€ê³  ì˜¬í•´ 4í•™ë…„ì„ ì•ë‘ê³  íœ´í•™í•œ íœ´í•™ìƒì…ë‹ˆë‹¤. ì´ë²ˆ ìº í”„ë¥¼ í†µí•´ì„œ ë‹¤ì–‘í•œ ê°œë°œ ê¸°ìˆ ê³¼ í˜‘ì—…ê¸°ìˆ ì„ ë°°ì›Œ ë‚˜ê°€ê³  ì‹¶ìŠµë‹ˆë‹¤.,2
https://blog.naver.com/PostView.naver?blogId=junehoo4248&Redirect=View&logNo=223754380552&categoryNo=1&isAfterWrite=true&isMrblogPost=false&isHappyBeanLeverage=true&contentLength=15908,SKë„¤íŠ¸ì›ìŠ¤ Faily AIìº í”„ 10ê¸° 1ì£¼ì°¨ íšŒê³ ë¡ (25.02.06 ~ 25.02.9) : ë„¤ì´ë²„ ë¸”ë¡œê·¸,1,ì´ë²ˆ ì£¼ ì£¼ìš” í•™ìŠµ ë‚´ìš©,3
https://blog.naver.com/PostView.naver?blogId=junehoo4248&Redirect=View&logNo=223754380552&categoryNo=1&isAfterWrite=true&isMrblogPost=false&isHappyBeanLeverage=true&contentLength=15908,SKë„¤íŠ¸ì›ìŠ¤ Faily AIìº í”„ 10ê¸° 1ì£¼ì°¨ íšŒê³ ë¡ (25.02.06 ~ 25.02.9) : ë„¤ì´ë²„ ë¸”ë¡œê·¸,1,ğŸ íŒŒì´ì¬,4
https://blog.naver.com/PostView.naver?blogId=junehoo4248&Redirect=View&logNo=223754380552&categoryNo=1&isAfterWrite=true&isMrblogPost=false&isHappyBeanLeverage=true&contentLength=15908,SKë„¤íŠ¸ì›ìŠ¤ Faily AIìº í”„ 10ê¸° 1ì£¼ì°¨ íšŒê³ ë¡ (25.02.06 ~ 25.02.9) : ë„¤ì´ë²„ ë¸”ë¡œê·¸,1,ì œì¼ ì‰¬ìš´ ì–¸ì–´ë¡œ í‰ê°€ë¨,5
https://blog.naver.com/PostView.naver?blogId=junehoo4248&Redirect=View&logNo=223754380552&categoryNo=1&isAfterWrite=true&isMrblogPost=false&isHappyBeanLeverage=true&contentLength=15908,SKë„¤íŠ¸ì›ìŠ¤ Faily AIìº í”„ 10ê¸° 1ì£¼ì°¨ íšŒê³ ë¡ (25.02.06 ~ 25.02.9) : ë„¤ì´ë²„ ë¸”ë¡œê·¸,1,ë‹¤ì–‘í•œ ë¼ì´ë¸ŒëŸ¬ë¦¬ì™€ ì»¤ë®¤ë‹ˆí‹°ê°€ ê°•ì ,6
https://blog.naver.com/PostView.naver?blogId=junehoo4248&Redirect=View&logNo=223754380552&categoryNo=1&isAfterWrite=true&isMrblogPost=false&isHappyBeanLeverage=true&contentLength=15908,SKë„¤íŠ¸ì›ìŠ¤ Faily AIìº í”„ 10ê¸° 1ì£¼ì°¨ íšŒê³ ë¡ (25.02.06 ~ 25.02.9) : ë„¤ì´ë²„ ë¸”ë¡œê·¸,1,Aiì— ì í•©í•œ ì–¸ì–´,7
https://blog.naver.com/PostView.naver?blogId=junehoo4248&Redirect=View&logNo=223754380552&categoryNo=1&isAfterWrite=true&isMrblogPost=false&isHappyBeanLeverage=true&contentLength=15908,SKë„¤íŠ¸ì›ìŠ¤ Faily AIìº í”„ 10ê¸° 1ì£¼ì°¨ íšŒê³ ë¡ (25.02.06 ~ 25.02.9) : ë„¤ì´ë²„ ë¸”ë¡œê·¸,1,â€‹,8
https://blog.naver.com/PostView.naver?blogId=junehoo4248&Redirect=View&logNo=223754380552&categoryNo=1&isAfterWrite=true&isMrblogPost=false&isHappyBeanLeverage=true&contentLength=15908,SKë„¤íŠ¸ì›ìŠ¤ Faily AIìº í”„ 10ê¸° 1ì£¼ì°¨ íšŒê³ ë¡ (25.02.06 ~ 25.02.9) : ë„¤ì´ë²„ ë¸”ë¡œê·¸,1,ğŸ“¦ ì•„ë‚˜ì½˜ë‹¤,9
https://blog.naver.com/PostView.naver?blogId=junehoo4248&Redirect=View&logNo=223754380552&categoryNo=1&isAfterWrite=true&isMrblogPost=false&isHappyBeanLeverage=true&contentLength=15908,SKë„¤íŠ¸ì›ìŠ¤ Faily AIìº í”„ 10ê¸° 1ì£¼ì°¨ íšŒê³ ë¡ (25.02.06 ~ 25.02.9) : ë„¤ì´ë²„ ë¸”ë¡œê·¸,1,"ê°œì¸ ì‚¬ìš©ìëŠ” ë¬´ë£Œ, ê¸°ì—… ì‚¬ìš©ìëŠ” ìœ ë£Œ(Minicondaë¥¼ ì‚¬ìš© í•˜ë©´ ë¬´ë£Œ)",10
https://blog.naver.com/PostView.naver?blogId=junehoo4248&Redirect=View&logNo=223754380552&categoryNo=1&isAfterWrite=true&isMrblogPost=false&isHappyBeanLeverage=true&contentLength=15908,SKë„¤íŠ¸ì›ìŠ¤ Faily AIìº í”„ 10ê¸° 1ì£¼ì°¨ íšŒê³ ë¡ (25.02.06 ~ 25.02.9) : ë„¤ì´ë²„ ë¸”ë¡œê·¸,1,ì½˜ë‹¤ëŠ” ê°€ìƒí™˜ê²½ì´ ì•„ë‹˜,11
https://blog.naver.com/PostView.naver?blogId=junehoo4248&Redirect=View&logNo=223754380552&categoryNo=1&isAfterWrite=true&isMrblogPost=false&isHappyBeanLeverage=true&contentLength=15908,SKë„¤íŠ¸ì›ìŠ¤ Faily AIìº í”„ 10ê¸° 1ì£¼ì°¨ íšŒê³ ë¡ (25.02.06 ~ 25.02.9) : ë„¤ì´ë²„ ë¸”ë¡œê·¸,1,â†’ íŒ¨í‚¤ì§€ ê´€ë¦¬ ë„êµ¬,12
https://blog.naver.com/PostView.naver?blogId=junehoo4248&Redirect=View&logNo=223754380552&categoryNo=1&isAfterWrite=true&isMrblogPost=false&isHappyBeanLeverage=true&contentLength=15908,SKë„¤íŠ¸ì›ìŠ¤ Faily AIìº í”„ 10ê¸° 1ì£¼ì°¨ íšŒê³ ë¡ (25.02.06 ~ 25.02.9) : ë„¤ì´ë²„ ë¸”ë¡œê·¸,1,â€‹,13
https://blog.naver.com/PostView.naver?blogId=junehoo4248&Redirect=View&logNo=223754380552&categoryNo=1&isAfterWrite=true&isMrblogPost=false&isHappyBeanLeverage=true&contentLength=15908,SKë„¤íŠ¸ì›ìŠ¤ Faily AIìº í”„ 10ê¸° 1ì£¼ì°¨ íšŒê³ ë¡ (25.02.06 ~ 25.02.9) : ë„¤ì´ë²„ ë¸”ë¡œê·¸,1,ğŸŒ ê°€ìƒí™˜ê²½,14
https://blog.naver.com/PostView.naver?blogId=junehoo4248&Redirect=View&logNo=223754380552&categoryNo=1&isAfterWrite=true&isMrblogPost=false&isHappyBeanLeverage=true&contentLength=15908,SKë„¤íŠ¸ì›ìŠ¤ Faily AIìº í”„ 10ê¸° 1ì£¼ì°¨ íšŒê³ ë¡ (25.02.06 ~ 25.02.9) : ë„¤ì´ë²„ ë¸”ë¡œê·¸,1,í”„ë¡œì íŠ¸ë§ˆë‹¤,15
https://blog.naver.com/PostView.naver?blogId=junehoo4248&Redirect=View&logNo=223754380552&categoryNo=1&isAfterWrite=true&isMrblogPost=false&isHappyBeanLeverage=true&contentLength=15908,SKë„¤íŠ¸ì›ìŠ¤ Faily AIìº í”„ 10ê¸° 1ì£¼ì°¨ íšŒê³ ë¡ (25.02.06 ~ 25.02.9) : ë„¤ì´ë²„ ë¸”ë¡œê·¸,1,ë‹¤ë¥¸ íŒŒì´ì¬ ë²„ì „,16
https://blog.naver.com/PostView.naver?blogId=junehoo4248&Redirect=View&logNo=223754380552&categoryNo=1&isAfterWrite=true&isMrblogPost=false&isHappyBeanLeverage=true&contentLength=15908,SKë„¤íŠ¸ì›ìŠ¤ Faily AIìº í”„ 10ê¸° 1ì£¼ì°¨ íšŒê³ ë¡ (25.02.06 ~ 25.02.9) : ë„¤ì´ë²„ ë¸”ë¡œê·¸,1,ì„ ì‚¬ìš©í•  ìˆ˜ ìˆë„ë¡ ë„ì™€ì¤Œ,17
https://blog.naver.com/PostView.naver?blogId=junehoo4248&Redirect=View&logNo=223754380552&categoryNo=1&isAfterWrite=true&isMrblogPost=false&isHappyBeanLeverage=true&contentLength=15908,SKë„¤íŠ¸ì›ìŠ¤ Faily AIìº í”„ 10ê¸° 1ì£¼ì°¨ íšŒê³ ë¡ (25.02.06 ~ 25.02.9) : ë„¤ì´ë²„ ë¸”ë¡œê·¸,1,ê°œë°œ í™˜ê²½ ì¶©ëŒì„ ë°©ì§€í•˜ëŠ” ì¤‘ìš”í•œ ê°œë…,18
https://blog.naver.com/PostView.naver?blogId=junehoo4248&Redirect=View&logNo=223754380552&categoryNo=1&isAfterWrite=true&isMrblogPost=false&isHappyBeanLeverage=true&contentLength=15908,SKë„¤íŠ¸ì›ìŠ¤ Faily AIìº í”„ 10ê¸° 1ì£¼ì°¨ íšŒê³ ë¡ (25.02.06 ~ 25.02.9) : ë„¤ì´ë²„ ë¸”ë¡œê·¸,1,â€‹,19
https://blog.naver.com/PostView.naver?blogId=junehoo4248&Redirect=View&logNo=223754380552&categoryNo=1&isAfterWrite=true&isMrblogPost=false&isHappyBeanLeverage=true&contentLength=15908,SKë„¤íŠ¸ì›ìŠ¤ Faily AIìº í”„ 10ê¸° 1ì£¼ì°¨ íšŒê³ ë¡ (25.02.06 ~ 25.02.9) : ë„¤ì´ë²„ ë¸”ë¡œê·¸,1,ğŸ“ ì¥¬í”¼í„° & VS ì½”ë“œ,20
https://blog.naver.com/PostView.naver?blogId=junehoo4248&Redirect=View&logNo=223754380552&categoryNo=1&isAfterWrite=true&isMrblogPost=false&isHappyBeanLeverage=true&contentLength=15908,SKë„¤íŠ¸ì›ìŠ¤ Faily AIìº í”„ 10ê¸° 1ì£¼ì°¨ íšŒê³ ë¡ (25.02.06 ~ 25.02.9) : ë„¤ì´ë²„ ë¸”ë¡œê·¸,1,Jupyter Notebook,21
https://blog.naver.com/PostView.naver?blogId=junehoo4248&Redirect=View&logNo=223754380552&categoryNo=1&isAfterWrite=true&isMrblogPost=false&isHappyBeanLeverage=true&contentLength=15908,SKë„¤íŠ¸ì›ìŠ¤ Faily AIìº í”„ 10ê¸° 1ì£¼ì°¨ íšŒê³ ë¡ (25.02.06 ~ 25.02.9) : ë„¤ì´ë²„ ë¸”ë¡œê·¸,1,â†’ êµìœ¡ìš©ìœ¼ë¡œ ì í•©,22
https://blog.naver.com/PostView.naver?blogId=junehoo4248&Redirect=View&logNo=223754380552&categoryNo=1&isAfterWrite=true&isMrblogPost=false&isHappyBeanLeverage=true&contentLength=15908,SKë„¤íŠ¸ì›ìŠ¤ Faily AIìº í”„ 10ê¸° 1ì£¼ì°¨ íšŒê³ ë¡ (25.02.06 ~ 25.02.9) : ë„¤ì´ë²„ ë¸”ë¡œê·¸,1,Jupyter Lab,23
https://blog.naver.com/PostView.naver?blogId=junehoo4248&Redirect=View&logNo=223754380552&categoryNo=1&isAfterWrite=true&isMrblogPost=false&isHappyBeanLeverage=true&contentLength=15908,SKë„¤íŠ¸ì›ìŠ¤ Faily AIìº í”„ 10ê¸° 1ì£¼ì°¨ íšŒê³ ë¡ (25.02.06 ~ 25.02.9) : ë„¤ì´ë²„ ë¸”ë¡œê·¸,1,â†’ ë³´ë‹¤ ì‹¤ì œ ê°œë°œ í™˜ê²½ì—ì„œ í™œìš©í•˜ê¸° ì¢‹ìŒ,24
https://blog.naver.com/PostView.naver?blogId=junehoo4248&Redirect=View&logNo=223754380552&categoryNo=1&isAfterWrite=true&isMrblogPost=false&isHappyBeanLeverage=true&contentLength=15908,SKë„¤íŠ¸ì›ìŠ¤ Faily AIìº í”„ 10ê¸° 1ì£¼ì°¨ íšŒê³ ë¡ (25.02.06 ~ 25.02.9) : ë„¤ì´ë²„ ë¸”ë¡œê·¸,1,Colab,25
https://blog.naver.com/PostView.naver?blogId=junehoo4248&Redirect=View&logNo=223754380552&categoryNo=1&isAfterWrite=true&isMrblogPost=false&isHappyBeanLeverage=true&contentLength=15908,SKë„¤íŠ¸ì›ìŠ¤ Faily AIìº í”„ 10ê¸° 1ì£¼ì°¨ íšŒê³ ë¡ (25.02.06 ~ 25.02.9) : ë„¤ì´ë²„ ë¸”ë¡œê·¸,1,â†’ Googleì´ ì œê³µí•˜ëŠ” í´ë¼ìš°ë“œ ê¸°ë°˜ ì¥¬í”¼í„° í™˜ê²½,26
https://blog.naver.com/PostView.naver?blogId=junehoo4248&Redirect=View&logNo=223754380552&categoryNo=1&isAfterWrite=true&isMrblogPost=false&isHappyBeanLeverage=true&contentLength=15908,SKë„¤íŠ¸ì›ìŠ¤ Faily AIìº í”„ 10ê¸° 1ì£¼ì°¨ íšŒê³ ë¡ (25.02.06 ~ 25.02.9) : ë„¤ì´ë²„ ë¸”ë¡œê·¸,1,VS ì½”ë“œ,27
https://blog.naver.com/PostView.naver?blogId=junehoo4248&Redirect=View&logNo=223754380552&categoryNo=1&isAfterWrite=true&isMrblogPost=false&isHappyBeanLeverage=true&contentLength=15908,SKë„¤íŠ¸ì›ìŠ¤ Faily AIìº í”„ 10ê¸° 1ì£¼ì°¨ íšŒê³ ë¡ (25.02.06 ~ 25.02.9) : ë„¤ì´ë²„ ë¸”ë¡œê·¸,1,ì—ì„œ íŒŒì´ì¬ê³¼ ì¥¬í”¼í„° ì‹¤í–‰í•˜ë ¤ë©´ ë³„ë„ ì„¤ì¹˜ í•„ìš”,28
https://blog.naver.com/PostView.naver?blogId=junehoo4248&Redirect=View&logNo=223754380552&categoryNo=1&isAfterWrite=true&isMrblogPost=false&isHappyBeanLeverage=true&contentLength=15908,SKë„¤íŠ¸ì›ìŠ¤ Faily AIìº í”„ 10ê¸° 1ì£¼ì°¨ íšŒê³ ë¡ (25.02.06 ~ 25.02.9) : ë„¤ì´ë²„ ë¸”ë¡œê·¸,1,â€‹,29
https://blog.naver.com/PostView.naver?blogId=junehoo4248&Redirect=View&logNo=223754380552&categoryNo=1&isAfterWrite=true&isMrblogPost=false&isHappyBeanLeverage=true&contentLength=15908,SKë„¤íŠ¸ì›ìŠ¤ Faily AIìº í”„ 10ê¸° 1ì£¼ì°¨ íšŒê³ ë¡ (25.02.06 ~ 25.02.9) : ë„¤ì´ë²„ ë¸”ë¡œê·¸,1,ğŸ“‘ ë§ˆí¬ë‹¤ìš´,30
https://blog.naver.com/PostView.naver?blogId=junehoo4248&Redirect=View&logNo=223754380552&categoryNo=1&isAfterWrite=true&isMrblogPost=false&isHappyBeanLeverage=true&contentLength=15908,SKë„¤íŠ¸ì›ìŠ¤ Faily AIìº í”„ 10ê¸° 1ì£¼ì°¨ íšŒê³ ë¡ (25.02.06 ~ 25.02.9) : ë„¤ì´ë²„ ë¸”ë¡œê·¸,1,í…ìŠ¤íŠ¸ ê¸°ë°˜ ë¬¸ì„œ ì‘ì„± ë° ì •ë¦¬ ë„êµ¬,31
https://blog.naver.com/PostView.naver?blogId=junehoo4248&Redirect=View&logNo=223754380552&categoryNo=1&isAfterWrite=true&isMrblogPost=false&isHappyBeanLeverage=true&contentLength=15908,SKë„¤íŠ¸ì›ìŠ¤ Faily AIìº í”„ 10ê¸° 1ì£¼ì°¨ íšŒê³ ë¡ (25.02.06 ~ 25.02.9) : ë„¤ì´ë²„ ë¸”ë¡œê·¸,1,ê°œë°œìë“¤ì´ ë¬¸ì„œë¥¼ ê¹”ë”í•˜ê²Œ ì •ë¦¬í•˜ëŠ” ë° í•„ìˆ˜ì ,32
https://blog.naver.com/PostView.naver?blogId=junehoo4248&Redirect=View&logNo=223754380552&categoryNo=1&isAfterWrite=true&isMrblogPost=false&isHappyBeanLeverage=true&contentLength=15908,SKë„¤íŠ¸ì›ìŠ¤ Faily AIìº í”„ 10ê¸° 1ì£¼ì°¨ íšŒê³ ë¡ (25.02.06 ~ 25.02.9) : ë„¤ì´ë²„ ë¸”ë¡œê·¸,1,ìƒˆë¡œìš´ ë‚´ìš©ì„ íš¨ê³¼ì ìœ¼ë¡œ ì •ë¦¬í•˜ëŠ” ë° ë§¤ìš° ìœ ìš©í•¨ì„ ì‹¤ê°,33
https://blog.naver.com/PostView.naver?blogId=junehoo4248&Redirect=View&logNo=223754380552&categoryNo=1&isAfterWrite=true&isMrblogPost=false&isHappyBeanLeverage=true&contentLength=15908,SKë„¤íŠ¸ì›ìŠ¤ Faily AIìº í”„ 10ê¸° 1ì£¼ì°¨ íšŒê³ ë¡ (25.02.06 ~ 25.02.9) : ë„¤ì´ë²„ ë¸”ë¡œê·¸,1,KPT íšŒê³ ,34
https://blog.naver.com/PostView.naver?blogId=junehoo4248&Redirect=View&logNo=223754380552&categoryNo=1&isAfterWrite=true&isMrblogPost=false&isHappyBeanLeverage=true&contentLength=15908,SKë„¤íŠ¸ì›ìŠ¤ Faily AIìº í”„ 10ê¸° 1ì£¼ì°¨ íšŒê³ ë¡ (25.02.06 ~ 25.02.9) : ë„¤ì´ë²„ ë¸”ë¡œê·¸,1,âœ… Keep (ê³„ì† ìœ ì§€í•  ê²ƒ),35
https://blog.naver.com/PostView.naver?blogId=junehoo4248&Redirect=View&logNo=223754380552&categoryNo=1&isAfterWrite=true&isMrblogPost=false&isHappyBeanLeverage=true&contentLength=15908,SKë„¤íŠ¸ì›ìŠ¤ Faily AIìº í”„ 10ê¸° 1ì£¼ì°¨ íšŒê³ ë¡ (25.02.06 ~ 25.02.9) : ë„¤ì´ë²„ ë¸”ë¡œê·¸,1,â€‹,36
https://blog.naver.com/PostView.naver?blogId=junehoo4248&Redirect=View&logNo=223754380552&categoryNo=1&isAfterWrite=true&isMrblogPost=false&isHappyBeanLeverage=true&contentLength=15908,SKë„¤íŠ¸ì›ìŠ¤ Faily AIìº í”„ 10ê¸° 1ì£¼ì°¨ íšŒê³ ë¡ (25.02.06 ~ 25.02.9) : ë„¤ì´ë²„ ë¸”ë¡œê·¸,1,í•™êµ 3í•™ë…„ì„ ë‹¤ë‹ˆë©´ì„œ ë°°ì› ë˜ ë‚´ìš©ë“¤ì´ì§€ë§Œ ë„ˆë¬´ ê²‰í•¥ê¸°ì‹ìœ¼ë¡œ ê³µë¶€ë¥¼ í•˜ì˜€ë‹¤. ê°•ì˜ë¥¼ ë“¤ìœ¼ë©´ì„œ ìƒˆë¡­ê²Œ ì•Œê²Œ ë˜ëŠ” ë‚´ìš©ì´ 30í”„ë¡œ ì •ë„ëœë‹¤. ì›ë˜ì˜ ì•Œê³ ìˆë˜ ë‚´ìš©ë„ ìŠì§€ ì•Šê³  ë³µìŠµ í•˜ë©´ì„œ ìƒˆë¡œ ë°°ìš´ ë‚´ìš©ì€ ê¹Œë¨¹ì§€ ì•Šë„ë¡ ë”°ë¡œ ì •ë¦¬ í•˜ì—¬ ê³µë¶€ í•˜ê² ë‹¤.,37
https://blog.naver.com/PostView.naver?blogId=junehoo4248&Redirect=View&logNo=223754380552&categoryNo=1&isAfterWrite=true&isMrblogPost=false&isHappyBeanLeverage=true&contentLength=15908,SKë„¤íŠ¸ì›ìŠ¤ Faily AIìº í”„ 10ê¸° 1ì£¼ì°¨ íšŒê³ ë¡ (25.02.06 ~ 25.02.9) : ë„¤ì´ë²„ ë¸”ë¡œê·¸,1,ì •ë¦¬í•˜ëŠ” ìŠµê´€: ë°°ìš´ ë‚´ìš©ì„ ê°„ë‹¨í•˜ê²Œë¼ë„ ì •ë¦¬í•˜ëŠ” ìŠµê´€ì´ í•™ìŠµ íš¨ê³¼ë¥¼ ë†’ì´ëŠ” ë° ë§¤ìš° ë„ì›€ì´ ë¨ì„ ì‹¤ê°í–ˆë‹¤.,38
https://blog.naver.com/PostView.naver?blogId=junehoo4248&Redirect=View&logNo=223754380552&categoryNo=1&isAfterWrite=true&isMrblogPost=false&isHappyBeanLeverage=true&contentLength=15908,SKë„¤íŠ¸ì›ìŠ¤ Faily AIìº í”„ 10ê¸° 1ì£¼ì°¨ íšŒê³ ë¡ (25.02.06 ~ 25.02.9) : ë„¤ì´ë²„ ë¸”ë¡œê·¸,1,â€‹,39
https://blog.naver.com/PostView.naver?blogId=junehoo4248&Redirect=View&logNo=223754380552&categoryNo=1&isAfterWrite=true&isMrblogPost=false&isHappyBeanLeverage=true&contentLength=15908,SKë„¤íŠ¸ì›ìŠ¤ Faily AIìº í”„ 10ê¸° 1ì£¼ì°¨ íšŒê³ ë¡ (25.02.06 ~ 25.02.9) : ë„¤ì´ë²„ ë¸”ë¡œê·¸,1,âŒ Problem (ê°œì„ ì´ í•„ìš”í•œ ë¶€ë¶„),40
https://blog.naver.com/PostView.naver?blogId=junehoo4248&Redirect=View&logNo=223754380552&categoryNo=1&isAfterWrite=true&isMrblogPost=false&isHappyBeanLeverage=true&contentLength=15908,SKë„¤íŠ¸ì›ìŠ¤ Faily AIìº í”„ 10ê¸° 1ì£¼ì°¨ íšŒê³ ë¡ (25.02.06 ~ 25.02.9) : ë„¤ì´ë²„ ë¸”ë¡œê·¸,1,ìˆ˜ì—…ì‹œê°„ì— ì´ë¯¸ ì•Œê³  ìˆë˜ ë‚´ìš©ë“¤ì´ ë‚˜ì˜¤ë©´ ì§‘ì¤‘ë ¥ì´ ííŠ¸ëŸ¬ì§€ê³  ì¡¸ìŒì´ ëª°ë ¤ì˜¨ë‹¤. ì´ë¯¸ ì•Œê³  ìˆëŠ” ë‚´ìš©ì´ ë‚˜ì˜¤ë”ë¼ë„ ìƒˆë¡œë°°ìš´ëŠ” ë‚´ìš©ì²˜ëŸ¼ ì§‘ì¤‘ì„ í•˜ë„ë¡ í•˜ê² ë‹¤,41
https://blog.naver.com/PostView.naver?blogId=junehoo4248&Redirect=View&logNo=223754380552&categoryNo=1&isAfterWrite=true&isMrblogPost=false&isHappyBeanLeverage=true&contentLength=15908,SKë„¤íŠ¸ì›ìŠ¤ Faily AIìº í”„ 10ê¸° 1ì£¼ì°¨ íšŒê³ ë¡ (25.02.06 ~ 25.02.9) : ë„¤ì´ë²„ ë¸”ë¡œê·¸,1,â€‹,42
https://blog.naver.com/PostView.naver?blogId=junehoo4248&Redirect=View&logNo=223754380552&categoryNo=1&isAfterWrite=true&isMrblogPost=false&isHappyBeanLeverage=true&contentLength=15908,SKë„¤íŠ¸ì›ìŠ¤ Faily AIìº í”„ 10ê¸° 1ì£¼ì°¨ íšŒê³ ë¡ (25.02.06 ~ 25.02.9) : ë„¤ì´ë²„ ë¸”ë¡œê·¸,1,ğŸ’¡ Try (í•´ê²°ì±… ë° ì‹¤ì²œ ê³„íš),43
https://blog.naver.com/PostView.naver?blogId=junehoo4248&Redirect=View&logNo=223754380552&categoryNo=1&isAfterWrite=true&isMrblogPost=false&isHappyBeanLeverage=true&contentLength=15908,SKë„¤íŠ¸ì›ìŠ¤ Faily AIìº í”„ 10ê¸° 1ì£¼ì°¨ íšŒê³ ë¡ (25.02.06 ~ 25.02.9) : ë„¤ì´ë²„ ë¸”ë¡œê·¸,1,â€‹,44
https://blog.naver.com/PostView.naver?blogId=junehoo4248&Redirect=View&logNo=223754380552&categoryNo=1&isAfterWrite=true&isMrblogPost=false&isHappyBeanLeverage=true&contentLength=15908,SKë„¤íŠ¸ì›ìŠ¤ Faily AIìº í”„ 10ê¸° 1ì£¼ì°¨ íšŒê³ ë¡ (25.02.06 ~ 25.02.9) : ë„¤ì´ë²„ ë¸”ë¡œê·¸,1,ì£¼ë§ì—ë„ ì ì„ ì¼ì°ìê³  ì¼ì° ì¼ì–´ë‚˜ëŠ” ìŠµê´€ì„ ê¸¸ëŸ¬ì„œ ìƒí™œíŒ¨í„´ì„ êµìœ¡ì‹œê°„ê³¼ ë™ì¼í•˜ê²Œ ë§ì¶”ê² ë‹¤.,45
https://blog.naver.com/PostView.naver?blogId=junehoo4248&Redirect=View&logNo=223754380552&categoryNo=1&isAfterWrite=true&isMrblogPost=false&isHappyBeanLeverage=true&contentLength=15908,SKë„¤íŠ¸ì›ìŠ¤ Faily AIìº í”„ 10ê¸° 1ì£¼ì°¨ íšŒê³ ë¡ (25.02.06 ~ 25.02.9) : ë„¤ì´ë²„ ë¸”ë¡œê·¸,1,ë§ˆë¬´ë¦¬,46
https://blog.naver.com/PostView.naver?blogId=junehoo4248&Redirect=View&logNo=223754380552&categoryNo=1&isAfterWrite=true&isMrblogPost=false&isHappyBeanLeverage=true&contentLength=15908,SKë„¤íŠ¸ì›ìŠ¤ Faily AIìº í”„ 10ê¸° 1ì£¼ì°¨ íšŒê³ ë¡ (25.02.06 ~ 25.02.9) : ë„¤ì´ë²„ ë¸”ë¡œê·¸,1,ë‹¤ìŒì£¼ë¶€í„° íŒŒì´ì¬ì„ ë°°ì›Œ ë‚˜ê°ˆí…ë° ìˆ˜ì—…ì‹œê°„ì— ì§‘ì¤‘ë ¥ì„ ìƒì§€ ì•Šê³  ë°°ìš´ ìƒˆë¡œ ì•Œê²Œ ë˜ëŠ” ë‚´ìš©ì„ ëª¨ë‘ í¡ìˆ˜ í•  ìˆ˜ ìˆë„ë¡ ë…¸ë ¥í•˜ê² ë‹¤,47
