question,answer
주석을 왜 꾸준히 추가해야 할까?,놓친 개념이나 메서드를 복습하고 Git에서 파일을 받아 다시 확인할 수 있기 때문이다.
다양한 문제 풀이 방식이 왜 도움이 될까?,예제 문제를 다양한 방식으로 풀이하며 개념을 깊이 있게 이해할 수 있기 때문이다.
조건문을 더 잘 쓰기 위해 무엇을 알아야 할까?,if-else를 중첩해 쓰는 방식이나 들여쓰기 구조에 대해 이해하는 것이 중요하다.
f-string 외의 출력 방식은 왜 배워야 할까?,다른 언어(C 등)의 출력 방식과 공통점을 알면 상황에 맞게 활용할 수 있기 때문이다.
dictionary는 어떻게 활용해야 효과적일까?,"for-in 문에서 자주 쓰이며, 구조를 이해하면 코딩테스트에서 도움이 된다."
zip 함수는 언제 유용하게 쓸 수 있을까?,여러 리스트를 묶어 튜플 형태로 처리할 때 간단하고 효율적으로 사용할 수 있다.
comprehension을 혼합해서 쓰는 이유는?,리스트와 튜플을 한 번에 처리할 수 있어 코드가 더 간결해진다.
전공자라도 기초를 다시 봐야 하는 이유는?,오랫동안 안 썼거나 잘못 알고 있던 개념이 많기 때문에 복습이 필수다.
함수 예외처리는 왜 중요한가?,문제 해결 중심의 코딩에서 실무로 갈수록 예외 상황 대응 능력이 중요해지기 때문이다.
블로그 회고는 어떤 효과가 있을까?,"복습 뿐 아니라, 트러블슈팅을 기록함으로써 다른 사람의 문제 해결에도 기여할 수 있다."
스터디 플래너는 어떻게 공부에 도움이 될까?,오늘 해야 할 공부량을 수치로 설정해 집중력과 효율을 높일 수 있다.
운동 습관은 학습에 어떤 영향을 줄까?,"긴 학습 과정에서 체력 유지가 중요하며, 규칙적인 운동이 정신적 집중에 도움을 준다."
Python 초급자일수록 어떤 실수를 많이 할까?,"이미 안다고 생각하고 개념을 건너뛰는 것, 그리고 문제풀이에만 집중해 개념을 놓치는 경우가 많다."
가상환경을 설정하는 이유는?,프로젝트별로 독립적인 개발 환경을 만들 수 있어 충돌을 방지할 수 있다.
Python의 가장 큰 장점은 무엇일까?,문법이 단순하고 직관적이어서 빠르게 학습하고 생산성을 높일 수 있다.
비전공자가 처음 코딩을 배울 때 가장 어려운 점은?,프로그래밍 용어와 로직이 낯설기 때문에 개념 이해에 시간이 걸릴 수 있습니다.
학습 내용을 기록하면 어떤 효과가 있나요?,"기억에 오래 남고, 나중에 복습하거나 다른 사람에게 설명할 때 도움이 됩니다."
초보자가 알고리즘을 어떻게 접근해야 하나요?,"기초 자료구조와 조건문, 반복문부터 연습하고 쉬운 문제부터 단계적으로 접근해야 합니다."
교육 중 질문을 잘하는 방법은?,무엇이 이해되지 않았는지 구체적으로 정리한 후 질문하면 효과적입니다.
코딩 실력을 높이기 위한 꾸준한 습관은?,매일 짧게라도 코드를 작성하고 회고하는 습관을 들이는 것입니다.
강의 내용을 놓쳤을 때 어떻게 복습하면 좋을까요?,강의 녹화본이나 교안을 참고하고 직접 코드를 다시 작성해보는 것이 좋습니다.
오류 메시지를 해석하는 요령은?,"오류 발생 위치와 메시지를 천천히 읽고, 키워드 중심으로 검색해보는 것이 중요합니다."
코딩 수업에서 체력 관리가 중요한 이유는?,장시간 집중력을 유지하기 위해 규칙적인 수면과 운동이 필요합니다.
온라인 강의와 오프라인 수업의 차이점은?,오프라인 수업은 바로 피드백을 받을 수 있어 학습 속도가 빠를 수 있습니다.
주간 회고를 작성할 때 어떤 형식이 좋나요?,"학습한 내용, 어려웠던 점, 해결 방법, 다음 주 계획을 항목별로 정리하는 것이 좋습니다."
Git을 학습하면서 처음 겪는 어려움은?,"커밋, 푸시, 브랜치 등의 개념과 명령어가 익숙하지 않아 혼란스러울 수 있습니다."
문제 해결력을 기르려면 어떤 연습이 필요한가요?,다양한 문제를 풀면서 실패와 시도를 반복하는 경험이 중요합니다.
입문자의 첫 프로젝트는 어떻게 선정해야 하나요?,작고 명확한 기능을 가진 주제를 선택하는 것이 동기부여에 좋습니다.
교육 중 멘탈 관리 방법은?,"비교하지 않고, 나의 성장을 기록하며 긍정적인 피드백을 주는 것이 도움이 됩니다."
수업 내용을 복습할 때 노션 외에 사용할 수 있는 도구는?,"블로그, Obsidian, Typora 등 마크다운 기반의 메모 도구도 좋습니다."
시간 관리를 잘하기 위한 팁은?,"할 일을 시각적으로 정리하고, 집중할 시간을 정해두는 타임박싱이 효과적입니다."
입문자가 코드 리팩토링을 언제부터 시작해야 하나요?,기초 문법에 익숙해지고 나면 간단한 코드 정리부터 시작하는 것이 좋습니다.
처음 팀 프로젝트를 할 때 주의할 점은?,"역할 분담, 일정 관리, 커뮤니케이션 방법을 사전에 명확히 해야 합니다."
에러 없이 코딩하는 방법은 없을까요?,에러는 학습의 일부이므로 당황하지 말고 메시지를 읽고 원인을 분석하는 것이 중요합니다.
디버깅을 잘하려면 어떻게 해야 하나요?,문제 상황을 재현하고 print나 디버거를 사용해 흐름을 추적하는 연습이 필요합니다.
코딩 공부 중 슬럼프가 왔을 때 어떻게 극복하나요?,"잠시 거리두거나, 이전에 해결한 문제를 다시 풀며 자신감을 회복할 수 있습니다."
TIL과 블로그 회고의 차이는?,"TIL은 매일 학습한 내용을 간단히 기록하고, 블로그 회고는 주간 단위의 성찰과 요약에 가깝습니다."
학습 중 모르는 내용이 많을 때 대처법은?,"모르는 것을 메모하고, 수업 후 따로 찾아보거나 스터디를 통해 해결하는 것이 좋습니다."
강의 외에 어떤 자료로 보완학습할 수 있나요?,"공식 문서, 유튜브 강의, 인프런, 패스트캠퍼스 등 온라인 자료를 병행하면 도움이 됩니다."
프로그래밍 실력을 빠르게 올릴 수 있는 방법은?,"반복 학습과 실습 중심의 문제 풀이, 회고를 병행하는 것이 가장 효과적입니다."
협업 툴을 사용하는 이유는?,"코드와 문서, 일정 등을 효율적으로 관리하고 팀원과 실시간으로 공유할 수 있기 때문입니다."
구체적인 목표 설정이 중요한 이유는?,"막연한 학습보다 동기부여가 높고, 성과를 측정하기 쉬워지기 때문입니다."
수업 내용을 바로 적용하는 연습은 왜 중요한가요?,이해한 개념을 직접 코딩하며 체득해야 장기 기억으로 남기 때문입니다.
기초를 튼튼히 해야 하는 이유는?,"고급 개념도 결국 기초 위에 쌓이므로, 탄탄한 기반이 전체 실력 향상으로 이어집니다."
깃허브에 코드를 올리는 이유는?,"버전 관리, 포트폴리오 기록, 협업의 기반이 되기 때문입니다."
캠프 기간 중 집중력을 높이는 팁은?,"작업 시간과 쉬는 시간을 명확히 구분하고, 방해 요소를 줄이는 환경을 만드는 것입니다."
다른 사람의 코드를 읽는 것은 어떤 도움이 되나요?,"다양한 코드 스타일을 접하며 사고 방식을 넓히고, 더 나은 표현법을 배울 수 있습니다."
주석을 효과적으로 작성하는 방법은?,중요한 로직이나 복잡한 연산이 있는 부분에 간결하게 의도를 설명하는 것이 좋습니다.
프로그래밍 공부 중 자주 멈추는 이유는?,이해가 안 되는 개념에서 막히거나, 피드백이 없어 혼자 고민할 때 동기가 떨어지기 때문입니다.
기초 개념이 부족할 때 어떻게 보완하나요?,"개념 설명 영상이나 문서를 반복 학습하고, 간단한 문제로 개념을 적용해보는 것이 좋습니다."
시간을 효율적으로 사용하는 학습 전략은?,계획을 세워 우선순위를 정하고, 집중 가능한 시간에 중요한 작업을 배치하는 것입니다.
스스로에게 피드백하는 방법은?,수행한 작업을 돌아보며 잘된 점과 부족한 점을 기록하고 개선 방향을 정리합니다.
공부한 내용을 외우기보다 이해하는 것이 중요한 이유는?,이해해야 새로운 문제에도 응용할 수 있기 때문입니다.
코드를 짤 때 처음부터 완벽하게 할 필요가 없다는 이유는?,"처음엔 작동하는 코드를 만드는 것이 우선이며, 이후 개선해도 늦지 않기 때문입니다."
혼자 공부할 때 동기부여가 떨어질 때 대처 방법은?,공부 인증을 하거나 스터디에 참여해 책임감을 만드는 것이 도움이 됩니다.
다른 사람의 피드백을 받아들이는 요령은?,비판보다 개선점을 찾는 데 초점을 맞추고 열린 자세로 받아들이는 것이 중요합니다.
프로그래밍을 잘하려면 수학을 꼭 잘해야 하나요?,"기초적인 논리력과 문제 해결 능력이 더 중요하며, 수학은 일부 분야에만 필수입니다."
함수 이름을 잘 짓는 요령은?,함수의 동작을 명확하게 설명하는 동사 기반 이름을 사용하는 것이 좋습니다.
기초를 튼튼히 다졌는지 확인하는 방법은?,"관련 문제를 변형해서 풀어보거나, 개념을 다른 사람에게 설명해보면 확인할 수 있습니다."
초반에 실습 위주 수업이 왜 도움이 되나요?,직접 코드를 작성하며 오류를 겪어야 개념이 실제로 체화되기 때문입니다.
질문을 잘 받기 위한 수업 태도는?,적극적으로 참여하고 메모하면서 듣는 것이 효과적입니다.
직접 만들며 배우는 학습이 효과적인 이유는?,주도적으로 문제를 해결하고 도전하는 과정에서 실력이 빠르게 늘기 때문입니다.
배운 내용을 다음 날 복습하는 것이 효과적인 이유는?,장기 기억에 저장되기 전 복습하면 망각 곡선을 완화할 수 있기 때문입니다.
초반 수업 흐름이 너무 빠르고 정신이 없습니다.,"수업이 너무 빨라서 당황스럽습니다. 익숙하지 않은 용어와 툴(예: Jupyter, Markdown, VSCode 등)은 당연히 버겁습니다. 아래 방식으로 안정감을 잡아보세요. 실행 방법: Notion에 '오늘 처음 들은 단어 리스트' 만들기 → 수업 후 각자 1줄씩 정의 정리. 수업 중 한 번이라도 놓친 내용은 즉시 '❓' 표시 → 수업 끝나고 반드시 검색 또는 질문. 혼란 포인트는 블로그 회고에 '오늘 헷갈린 것 TOP3'로 요약."
기본 지식이 부족해서 따라가기 벅찹니다.,"비전공자인데 너무 어렵습니다. 전공자도 비슷한 지점에서 막힙니다. 중요한 건 속도가 아니라 기초를 반복해 체화하는 전략입니다. 실행 방법: Python 문법은 교재 예제 → 빈칸만 다시 타이핑하는 방식으로 손에 익히기. 실습 코드 중 이해 안 간 부분은 → 구글링 후 해당 줄 옆에 직접 주석 달기. '몰랐던 개념 요약 + 내가 해석한 방식'을 블로그 회고에 매일 1개씩 정리."
수업이 끝나면 뭘 복습해야 할지 막막합니다.,"복습을 잘 못 하겠어요. 어떻게 해야 하나요? 복습은 '전체 반복'이 아니라 '오늘 막혔던 1~2개만 복습하는 구조'로 접근해야 유지됩니다. 실행 방법: 수업이 끝난 직후 → '오늘 막혔던 코드 TOP2' 복사해서 내 Notion에 붙여놓기. 저녁에 그 코드 다시 실행해보기 + 한 줄씩 설명 주석 달기. 블로그 회고 제목을 '오늘 내가 이해한 것 1개만 설명해보기'로 제한."
다들 빠르게 가는데 나는 하나하나 이해 안 돼요.,"진도가 너무 빨라요. 놓치면 어떻게 하나요? 진도 스트레스를 줄이려면 '전체 중 핵심만 챙기는 기술'이 필요합니다. 실행 방법: 매 수업마다 '오늘 가장 핵심 개념 1개'만 선정해서 따로 정리. 하루 10분만 투자해서 '내가 오늘 동기에게 설명할 수 있는 것 1개만 연습'. 블로그 회고는 '수업 전체 정리'가 아니라, '오늘 개념 요약 1개 + 관련 예제 코드 1개' 구조로 단순화."
강의 후 바로 실습하는 게 너무 부담입니다.,"실습 시간이 너무 어려워요. 어떻게 적응해야 하죠? 실습은 시험이 아니라 '실패 허용 구간'입니다. 틀리고 구글링하고 고치면서 배우는 게 핵심이에요. 실행 방법: 실습 시간엔 처음부터 정답 찾으려 하지 말고, 빈칸부터 채워보기. 막히는 포인트는 # ❓ 이 부분 잘 이해 안 됨 표시하고 저장. 수업 끝난 뒤엔 GitHub에 내 실습 코드를 올리고, 주석으로 내가 직접 요약한 흐름 정리."
하루 끝나면 진이 빠지고 '이 길이 맞나' 싶은 생각이 듭니다.,"멘탈이 자꾸 무너집니다. 지치는 걸 어떻게 극복하죠? 중요한 건 '멘탈을 올리는 기술'보다 '무너지지 않게 받쳐주는 습관'입니다. 실행 방법: 하루 마무리에 '오늘 이건 해냈다'를 Google Keep이나 다이어리에 1문장 기록. 매주 금요일, 그 기록을 5분간 읽어보며 스스로의 흐름 확인. 누군가의 회고글에 댓글 1개 달기 → 공감 공유가 멘탈에 큰 버팀목이 됨."
블로그 회고 쓰는 게 어렵고 중간에 자주 멈춰요.,"회고를 어떻게 써야 꾸준히 쓸 수 있나요? 회고는 잘 쓰는 게 아니라 '쓰기 쉽게 구조화하는 게 먼저'입니다. 실행 방법: 템플릿 고정: ① 오늘 배운 개념 1줄 요약 ② 가장 막혔던 실습 설명 ③ 내일 복습할 것 메모 1개. 복붙 가능한 회고 틀을 Notion에 만들어두고, 매일 '비워진 틀'만 채우는 방식으로 작성."
피드백을 들어도 막상 실전에 적용이 안 됩니다.,"강사님 피드백을 어떻게 활용해야 하나요? 피드백을 '한 번 듣고 끝'이 아니라, 실습 코드에 흡수시켜야 체화됩니다. 실행 방법: 수업 중 받은 피드백은 → 실습 코드 복붙 후 주석으로 요약해서 정리. '피드백 받은 날' 태그를 만들어서 매주 다시 그 코드만 열어보기. 회고에 '오늘 들은 피드백 → 내가 바꾼 코드 예시'를 반드시 첨부."
팀 프로젝트나 단위 과제가 너무 막막해요.,"프로젝트나 과제가 너무 부담됩니다. 프로젝트는 완성보다 '기록 중심 협업 연습'이라고 생각하세요. 실행 방법: 회의 시간에는 '역할 분담'보다 먼저 '오늘 내가 해야 할 질문'을 미리 작성. 팀 GitHub에 '📁 내 폴더 + README.md' 만들고 내가 맡은 파트 설명 5줄 이상 쓰기. 기능 구현보다 먼저 → 데이터 흐름 도식화(예: mermaid, draw.io) 후 팀원 공유."
질문이 어설플까봐 말 꺼내기가 힘듭니다.,"질문을 잘 못하겠어요. 부끄럽고 눈치 보여요. 질문은 '모르는 걸 묻는 것'이 아니라 '공유 가능한 사고의 흔적'입니다. 실행 방법: 실습 중 막히면 # ❓질문 후보 태그 달기 → 수업 끝난 뒤 3개 중 1개만 정제해서 디스코드에 올리기. 질문 포맷 고정: 문제상황 → 내가 시도한 방법 → 막힌 지점 요약. Notion에 '내가 했던 질문 모음집' 정리 → 나중에 블로그로 확장 가능."
다들 앞서 나가는 것 같고 나만 뒤처진 것 같아요.,"진도가 빨라서 자꾸 불안해집니다. 진도 불안은 '전체를 따라가려는 마음'에서 옵니다. 핵심만 따라가야 합니다. 실행 방법: 수업마다 '오늘 반드시 기억해야 할 개념 1개'를 정해 따로 기록 (예: if 문, range 함수 등). 그 개념만으로 직접 예제 1개 만들기 (단순한 계산기, 구구단 등). 매주 금요일마다 '내가 확실히 이해한 개념 5개'만 추려서 Notion에 정리."
비전공자인데 전공자들 보면 위축돼요.,"전공자와 비교되면서 자존감이 떨어집니다. 비교 스트레스는 피할 수 없지만, '비교 → 추월 전략'으로 전환할 수 있습니다. 실행 방법: 매일 10분간 '전공자 코드' 1개만 따라 써보고, 내가 이해한 방식으로 주석 달기. 스터디 참여 전 → '오늘 내가 질문할 것 1개'를 미리 정리해 질문 훈련하기. 매주 수요일 → '지난주 내 실습 코드'와 '스터디 코드' 비교 후 리팩토링 연습."
꾸준히 복습하는 습관을 어떻게 만들 수 있을까요?,"복습 루틴을 만들어보고 싶은데 잘 안 됩니다. 복습은 정해진 시간보다 '지나간 개념을 다시 불러오는 흐름'을 만드는 게 중요합니다. 실행 방법: 하루 루틴 구조 고정: 오전 수업 전 15분: 전날 실습 코드 다시 보기, 점심 직전 10분: 오전 수업 핵심 개념 요약, 퇴근 전 5분: 오늘 가장 헷갈렸던 개념 메모. 주말: '이번주 개념 퀴즈' 형식으로 노션에 자기 문제 만들기."
구글링이 익숙하지 않아 막히면 바로 멘붕입니다.,"구글링으로 혼자 해결하는 게 어렵습니다. 검색은 기술입니다. 문장 쓰듯 찾지 말고, 키워드 단위로 쪼개세요. 실행 방법: 검색할 땐 파이썬 + 문제 핵심 키워드 조합으로 검색 (예: '파이썬 리스트 중복 제거'). Stack Overflow 찾을 땐 에러 메시지 전체 복붙 → 첫 5개 답변만 정독. 찾은 코드 중 마음에 드는 것 1개를 직접 타이핑하며 실행 + 주석 추가."
배운 건 많은데 내가 진짜 늘고 있는지 모르겠어요.,"성장이 체감되지 않아 불안합니다. 성장은 절대 감정이 아니라 기록으로 확인해야 합니다. 실행 방법: 매주 회고에 '이번주 내가 처음 성공한 코드/개념' 항목 따로 만들기. 실습한 코드 중에서 가장 애쓴 코드 1개 골라 → 파일명에 날짜 + 주석 달아 보관. 금요일마다 그 주 월요일 코드와 비교해서 줄 수/반복/주석 등을 직접 비교."
실습을 바로 하라는데 뭐부터 해야 할지 막막해요.,"실습 위주 수업이 부담스럽습니다. 실습은 정답을 만드는 게 아니라, '막히는 포인트를 수집하는 시간'입니다. 실행 방법: 실습 시작 전 → 강의 예제 중 '비슷한 유형의 문제' 1개 복사해서 먼저 실행해보기. 코드 작성 시, 막히는 부분은 # 여기가 왜 안 되는지 모르겠음 주석 추가. 실습 후, 본인 코드에 주석으로 실행 흐름 정리 → GitHub에 업로드."
뭘 물어봐야 할지도 모르겠고 괜히 눈치 보여요.,"질문하기가 너무 어렵습니다. 질문은 '답을 얻는 행위'가 아니라, '사고 흐름을 검증하는 도구'입니다. 실행 방법: Notion에 '내가 막힌 지점 정리 템플릿' 만들기: ① 문제 상황 ② 내가 시도한 것 ③ 현재 상태. 수업 중 질문이 생기면 메모해두고 → 끝나고 3개 중 1개만 디스코드에 공유. 스터디나 조원에게 질문할 땐, 해당 코드와 에러 메시지를 함께 전달."
수업 끝나면 뭘 배웠는지 까먹어요.,"강의 내용을 기억에 남기기 어렵습니다. 강의 정리는 수업 직후 15분 요약 루틴이 핵심입니다. 실행 방법: 수업 끝난 직후, 오늘 새로 배운 개념 1~2개를 Markdown에 적기. 그 개념을 활용한 예제를 1줄 코드로 작성 + 출력값 확인. '배운 개념 + 내가 작성한 예시 + 설명'을 블로그 회고에 고정 템플릿으로 정리."
다른 사람들은 다 잘해 보이고 나만 부족해 보여요.,"실력 있는 동기들과 비교하게 됩니다. 비교는 감정이 아니라 자료로 수집해서 '패턴'을 분석하는 도구로 바꿔야 합니다. 실행 방법: 동기 코드 중 '깔끔하다고 느낀 코드' 1개만 복사 → 내 코드와 한 줄씩 비교 주석 작성. 내가 놓친 부분은 → '리팩토링 기록용' Notion에 모아두기. 매주 금요일마다 '내가 이번주 가장 많이 실수한 코드 패턴 TOP3' 정리."
프로젝트가 뭔가 거창하고 나만 민폐될까봐 겁나요.,"단위 프로젝트나 과제가 어렵고 무섭습니다. 프로젝트는 완성보다 '기록과 커뮤니케이션 훈련'에 중점을 둬야 적응이 쉬워요. 실행 방법: 역할 분담 후 각자 Notion에 '내가 맡은 기능 → 흐름 요약'을 5줄로 정리. 구현 전에는 반드시 → 구현 흐름을 도식화 (draw.io, mermaid). GitHub PR에는 반드시 → '내가 한 작업 + 문제 발생 시도 내역' 템플릿으로 커밋."