id,url,upload_date,channel,title,caption
g_RIOcTjSKQ,https://www.youtube.com/watch?v=g_RIOcTjSKQ,2022-03-05,자몽코딩,비전공자 개발자 취업 간단 후기(국비지원학원),안녕하세요 자본 코드 입니당 저는 체험을 하였고 첫줄 껌의 앞둔 시점에서 찍는 여 호감 입니다 일단 저는 쩌비 잘 안될까봐 헉 원이 끝났기 중 달 전부터 채용공고를 찾아보면서 u 역사와 찾기 소개서를 수정하고 포트폴리오 정리를 하였습니다 없죠 다보니 학원 과정이 끝나게 하달 저는 취업이 되었습니다 빠르게 취업한 편이라서 하버 소리와 함께 주실지 전에 붙어서 여기에 볼 수 있는 곳이 아닌 제가 찾아보고 3 붙었습니다 채용 사이트를 찾아보고 왼쪽을 하버 봐 가지고 그쪽 영업 이라도 샀고 자 화보 컸는데 흩어 가지고 출범을 앞두고 있습니다 어두 적도 월풀 않아야 쉽 취업을 할 수 있는지 9 마시면 옷들이 말을 꼭 같은데 뭐 없던 개발자 면 어떤 회사에 들어갈 거 냐에 따라서 막이 발을 꼭 같아요 일단 제 사원은 그 어느 비전공 적조로 국비지원 학원 수업을 달린 후에 처박혀 개발자 되기 위해서 취업을 하였습니다 권력 장 정도라도 할줄 아는게 자방 뿌리 자 usb 팔선 장고 html 자바스크립트 워크북 토스트를 뽑아 끌 뒤 바디 아직 2위 해체 다이어그램을 만들 줄 아는 게 삶입니다 환성 어정 고든 프로젝트도 않으 박아주고 헌법 내고 고 안아줘 차 버추어 파다 보였습니다 소 패딩이 은근 실 교유 해송 푸르게 2 조개를 만들어봤습니다 회사가 분명히 사이 그 많이 있겠지만 제가 없고 이 차가 왼쪽 폼 회사에서의 위건은 12배 때는 더욱 2대 라라 신문 것 같아 그 인한 송을 괴물 시험인 것 같다고 생각합니다 불어 그럼 제가 뭐 필요가 없기 때문입니다 솔직히 잡을 전이 있거나 좀 자인지 원작 왕이 것들 거라고 생각하고 신녀 할 수 있다는 영적 라도 풀 중장 욕구를 하고 온 자리 라고 생각 받아 하고 거였는데 기술 문짝의 의화는 서 종래의 둔 그를 코 꿀의 검색해서 이거 없는데 기술에 관련된 지문을 바짝 많으셨어요 험 마부 기술 관점을 봤다 없는 좋은 광파리 어 써봅니다 제가 받았던 먼저 찌우는 중에 프로젝트 라면 도어 겨워 또 점 을 물어보셨는데 그 질문을 통해서 어두 정도까지 고생을 해 봤는지 이런 것도 할 수 있는 질문 이라고 생각해서 통 골 질문 같습니다 게시판 정도 뭐 만들 줄 아는 상태라서 반핵 옥정이 드리고 그 소품도 다실 복부 패서 쓰고 다룬 것도 덧붙여서 꽂힌 걱 외 부분인데 옷도 커야 좀 코딩 테스트 도 없는 회사라도 실력이 없는 체가 돌아갈 수 있었던 것 같습니다 교육계가 믿던 뽑는 아침 아 자랄 찔 쑬 즐거움 그래도 인연은 환영 보려고 생각중입니다 어쨌든 부터 버렸으니까 뭐 열심히 공부해서 또 피고 케어 하겠습니다 아무튼 법의 나와서 저도 쳐본 하니까 충분히 여러분들도 춰 파실 수 있다는 자신감을 드리고 싶었습니다 품사 합니다
KZqz37IlyMU,https://www.youtube.com/watch?v=KZqz37IlyMU,2022-09-30,취업왕 자이노,코딩 어떻게 배워야 할까요?ㅣ국비지원 후기,it 비전공자는 취업을 할 수 있을까요 여러분들도 많이 들으셨겠지만 it 분야는 학벌보단 실무적인 능력이 더 중요합니다 하지만 이런 내용은 너무 진부하기 때문에 진짜 실질적인 정보를 전달해 드리려고 하는데요 남들과 똑같이 컴퓨터 하기를 침착한다고 해서 취업이 되는 건 절대 아니에요 그러면 it 취업을 하려면 어떤 것이 가장 중요할까요 1일 임하는 열정 좋은 학벌 취득한 자격증 물론 이런 것도 중요하지만 가장 중요한 건 바로 코딩 실력과 포트폴리오입니다 it 취업뿐만 아니라 어떤 취업이든 기업 입장에서 생각하셔야 되는데요 기업 입장에서는 취업한 후에 진행하고 있는 프로젝트의 바로 뛰어들 수 있는 사람을 선호할 수밖에 없습니다 기본적으로 내가 희망하는 직무를 수행할 수 있는 실력을 기반으로 포트폴리오를 작성하시는게 it 취업의 전부라고 할 수 있어요 앞서 말했던 내용을 잘 인식하고 행동하신다면 채소와 it 취업에 대한 방향성은 확실하게 잡으실 수 있을 겁니다 그렇다면 코딩 실력과 포트폴리오는 어떻게 준비를 해야 할까요 두 가지로 정리해서 말씀드릴게요 첫 번째 독학 우선 독학을 하시려는 분들은 자바 c언어 등등 기초 언어부터 배워서 코딩 마스터가 될 거야라는 아니라는 생각은 당장 버리셔야 됩니다 이건 마치 영어 공부를 하는데 단어만 주구장창 외우는 거랑 똑같은 거예요 이런 식으로는 절대 빠른 시일 내에 취업도 안 될뿐 더불어 중간에 코딩에 대한 벽을 느끼고 포기하시는 분들도 많습니다 그러면 도대체 어떻게 준비를 하는게 좋을까요 우선 구체적인 목표를 정하시는게 좋습니다 내가 왜 코딩을 하고 싶은지 이런 목표도 없이 코딩을 하신다면 금방 포기하는 경우가 수두룩해요 만약 구체적인 목표를 설정하지 못하셔도 괜찮습니다 이런 분들은 웹 개발 프로젝트를 진행하시는게 가장 좋은 스타트인데요 왜냐하면 웹 개발 프로젝트는 전체적인 코딩 베이스를 다루고 있어서 처음 코딩 공부하시기엔 가장 이상적인 소스이기 때문인데요 그런데 혼자서 프로젝트를 진행하기엔 어려울 것 같다고요 이런 분들은 이미 작성되어 있는 웹 개발자 무료 소스 코드를 참고하여 공부하시는게 좋은데요 예를 들어 부트스트랩이나 벌말을 검색해 보시면 이미 작성되어 있는 코드를 확인하실 수 있어요 처음부터 코드를 작성할 수 있는 능력이 있으면 좋겠지만 그것보다 미리 작성된 코드를 활용해서 진행하시는게 더 좋은 결과 밥을 불러올 수 있습니다 실제로 개발자로 일하시는 분들도 미 활용해서 프로젝트를 진행한다고 하네요 그리고 이런 프로젝트를 진행하는게 절대 수상을 받기 위해서 참여하는게 아닙니다 프로젝트를 진행하면서 자연스럽게 코딩 실력도 쌓고 프로젝트에 참여했다는 이력만으로 포트폴리오도 작성할 수 있으니 아주 좋은 방법이죠 두 번째 국비지원 학원인데요 컴퓨터 학원은 비싸다보니 국비지원 학원을 이용하시는 경우가 많습니다 하지만 무작정 국비지원 학원을 다니시는 건 추천드리지 않아요 저도 국비지원 학원을 다녀본 경험으로 말씀드리면 국비지원 학원은 6개월간 교육을 진행합니다 이런 짧은 기간 안에 모든 교육을 소화하려고 하다보니 비전공자 분들은 이런 교육을 따라가기가 정말 힘든 편이죠 예를 들어 하루라도 수업을 빠지면 진도를 못 따라갈 수도 있고 1시간 정도 늦게 수업을 들어간다면 몇 십 페이지가 넘어가는 경우는 기본이에요 그렇다보니 비종자 분들은 앞서 말씀드렸던 것처럼 구체적인 목표를 설정한 후에 기초적인 코딩 실력을 쌓고 그 다음에 국비지원 다니시는게 좋습니다 여기까지 비전공 it 취업에 대한 영상을 다뤄봤는데요 앞서 말씀드렸던 내용을 참고해서 준비하신다면 비전공자도 충분히 it 취업을 할 수 있다고 확신합니다 다만 글의 내용이 너무 깊지 않아서 다음 영상들은 이런 과정들을 세부적으로 영상을 한번 찍어 볼게요 추가적으로 it 취업에 대해 궁금하신 점이 있다고 하시면 아래의 댓글이나 문의 남겨주세요 이상으로 취업 방 자이너였습니다 안녕
-2LYCxQFfJA,https://www.youtube.com/watch?v=-2LYCxQFfJA,2024-05-16,갓생종구,2024년 국비코딩 수료 후 비전공자도 개발자 취업 가능할까,솔직히 제가 취업했던 2022년에 비해서 정말 힘들어진게 맞는 거 같습니다 저는 코로나 아부 막 차여서 그나마 좀 쉽게 취업을 한 케이스인데 2024년 지금은 지금 체계적인 사전 준비 커리어 방향 그리고 적절한 국비학원 선정 없이는 비전공자가 6개월 내에 취 확률이 거의 희박하다고 하지만 불가능한 건 아니에요 여러분들이 개발자로 빠른 취업을 목표로 하고 그리고 비전공자라는 걸 가정하고 말씀을 드리면 저는 커리어를 웹개발 혹은 앱개발로 시작하는게 제일 좋을 것 같아요 일단 뽑는 기업이 많아요서 합격부터 거기서 취업 자체로 좀 올라가겠죠 보시다시피 시장 수도 제일 많고 배우기도 제일 무난한 커리어가 아닙니다 가끔씩 분석 쪽 커리어 원하시는 분들이 계신데 정말 현실적으로 말씀을 드리자면 분석 쪽은 수학이 기본적으로 되어야 되고 기본 학력이 석사 저도 안 되는 스펙이 때문에음 역까지 말씀드리겠습니다 차라리 웹 개발을 해서 분석을 추가적으로 공부한 다음에 거기서 나아가는게 어 커리어 전환 그리고 좀 더 물을 넓히는데 좋지 않을까 이렇게 커리를 정하셨으면 국비학원 등록전에 정말 중요한게 하나 있거든요 지금 저희는 코딩의 코자도 모르는 상태잖아요 이런데 과연 저희가 인생에서 6개월 동안 혹은 추가적인 기간 동안 컴퓨터를 꾸준히 공부한다는게 솔직히 가능한지는 미지 수거요일 없을 수도 있고 그래서 미리 코딩을 좀 경험하고 이게 정말 좀 할 만하다 재밌다 하시는 분만 시작하는게 좋은 거 같아요 이걸 경험하고자 뭐 패스트 캠퍼스 유데미 같은데 강의를 사서 들으시는 분들이 있는데 굳이 그러실 필요 없고 체험이니 웹이랑 앱 쪽 제가 무료로 코딩 체험할 수 있는 그 플레이리스트를 설명란에 적어 놓을게요 이런 거 안 하고 들어가면 진짜 6개월 공부하면서 중도하차 할 수 있어요 시간도 되게 아깝잖아요 그래서 꼭 제가 말씀드렸던이 체험 먼저 하고 들어가세요이 국비 학원이란게 솔직히 코딩을 쉽게 배우고 그냥 취업까지 연계해주는 단순 수단이긴 한데 처음 배우시는 비전공자는 진짜 좋은 프로그램이든 돈도 공짜로 받으시고 근데 이렇게 커리어까지 잘 정해놓고 국비학원 등록 검색해봐도 진짜 요즘 차고남 쓰는게 국비 학원이다 보니까 어떤 병으로 등록해야 될지 감히 잘 안 오실 거란 말이죠 막상 이제 검색을 해봐도 관련 검색에 그렇게 뜨더라고요 땡땡 하건 비추천 뭐 실제 후기 뭐 망한 설 그런 걸 보니까 저도 이제 실제로 경험을 해봤지만 이런 후기를 보면 이제 다른 좋은 후기가 눈에 안 들어오기 때문에 그 학원 고르기가 진짜 애매해요 그래서 지금 현재 2024년 제가 생각할 때는이 국비학원 고를 때 딱 중요한게 정말 한 가지가 있습니다이 취업 연계 프로그램 이유과이 국비과정 고르는데 제일 일순위로 중요한게 가 싶습니다 저희 코딩을 취미로만 배우는게 아니라 실질적으로이 코딩으로 밥 벌어 먹기 위해서이 취업을 하려는 거잖아요 여기서 정말 잘 고르면이 국비 학원에서도 연관이 되어 있는 기업한테 바로 토스해 주기도 하고이 기업들이 직접적으로 컨택을 해서 면접 리스트를 미리 받기도 하고 그에 해당하는 뭐 전문 PT 면접이라는 그런 사전 정보들을 미리 갖고 이제 시작하더라고요 이제 그런 정보들을 수강하는 수강생들에게 미리 이제 알려주는 거죠이 국비 과정 등록 후에 분명 남는 시간이 있을 거예요 뭐 보름이라는 한 달 정도의 텀이 있을 텐데 이때 해당 과정에서 필요로 하는 언어를 선행 학습을 반드시 하고 들어가세요 이제 웹이 뭐 자바 뭐 앱 개 발리시 뭐 코틀린 플러터 같은게 있게죠 솔직히 6개월 이제 그 과정 국비 과정이 지금 등록하는 과정에서야 좀 길어 보이지 막상 공부를 시작하면이 서류 작업도 해야 되고이 자수도 써야 되겠죠 코트도 준비해야 되고 할게 진짜 많거든요 그래서이 요구되는 언어 사용법 개념은 유튜브 통해서 무료로 꼭 다 익히고 국비 과정 시작하셔야 돼요 정말 반드시 이제 학원에서 과정을 실 때 그 언어를 기초부터 다시 시작해 준단 말이에요 이렇게 학원이 해주는 과정을 복습하는 개념으로 좀 따라가 돼 본질적인 공부는이 코딩 테스트에요 물론 당연히 언어의 개념 복습도 중요하겠지만 요즘 GPT 있고이 서류 합격해도 코딩 테스트를 못 두르면 바로 나가려니까 코딩 테스트는 국비 과정 초반부터 꾸준히 풀어 주세요 실은 안 다니면 저는 개인적인 단점이 더 많다고 생각을 합니다 장점을 좀 말씀을 드리면 일단 국비 과정을 다니면 실력 급여를 받아요 그리고 코딩 막힐 때 있을 거예요 분명 그럴 때 물어볼 선생님 그리고 옆에 친구분들도 있잖아요 그분들이 도움을 줄 수 있고요 이런 소규모 커뮤니티에 좀 속해 있으면서 동기부여도 되고 그리고 집에서만 공부하면 솔직히 6개월 동안 안 쉬고 꾸준히 공부를 체계적으로 할 수 있을까요 아 저는 좀 아니라고 봐요 그리고 학원 다니면 제가 전에 말씀드렸던 취업 연계 프로그램이 있을 텐데 그 프로그램 통해서 자수서 첨삭도 받고 그런 취업 정보들 무상으로 제공받을 수 있잖아요 아 그리고 저도 백수를 한 한 달 동안 해 봤는데 이게 집에만 있다 보면 밤낮이 바뀌면서 생체리듬이 다 깨지더라 그요 1월 바에 차라리 국비학원 다니면서 생활 패트를 지켜주는게 좋지 않나 뭐 단점이라고 하면 이제는 국비 학원이 원격이 안 될테니까 9시 출근하는이 지옥철 견디는 거랑 아침 일찍 일어나는 거 그게 좀 단점이겠죠 준비하시는 분들 파이팅입니다
OTvCWFQ32BQ,https://www.youtube.com/watch?v=OTvCWFQ32BQ,2023-01-31,bebe,"(비전공자) IT국비지원 교육 4일차 후기! (대면수업 강추, 자바, 수료생 방문, 진도 빨리나감, 개발자 )",안녕하세요 오늘은이어서 이제 대면 국비교육 후기를 남겨보려고 합니다 지금 현재 딱 4일차 밖에 되지 않았어요 그래도 되면서 받은 것을 정말 잘했다고 생각이 들긴 합니다 우선 확실히 되면서 뭘 하니까 훈련받는 분들끼리 더 으쌰으쌰하게 되는 것도 있었어요 모르는 것도 쉬는 시간에 서로 서로 알려주고 교수님도 피드백이 엄청 빠릅니다 제가 이전 영상에서 비대면 수업도 피드백이 엄청 빠르다고 말을 했었는데요 비대면과는 비교도 안 될만큼 진짜 빠르고 좋아요 중간중간 한 사람씩 찍어서 줄문도 많이 하시거든요 이게 진짜 되면서요 처음에는 좀 당연히 처음이니까 틀리잖아요 그래서 창피할 때도 있었는데 그럴 때마다 우리끼리인데 뭐가 창피하냐고 진짜 우리끼리는 모든 걸 내려놓고 해야 된다고 교수님이 그렇게 말씀을 해주시니까 뭔가 대답할 때도 더 용기가 생기고 그래서 제가 틀린 거는 무조건 다시 기억하고 왜냐면 그 창피를 당했던 기억이 있기 때문에 이럴 때 실력이 진짜 많이 오르긴 했어요 못 외울 것도 외워지고 쪽지 시험도 되게 많이 봤거든요 그래서 틀리면 다시 보고 또 다시 보고 그렇게 해서 되게 실력이 많이 늘기도 했어요 제가 5.5개월 정도 교육인데 교수님이 앞으로 이제 면접과 실무에 가서 어떻게 해야 되는지 지금부터 교육을 시키고 계세요 예를 들면 모르는게 있다면 우물쭈물 대지 말고 그냥 아무 말 하지 말고 그냥 확실히 죄송합니다 잘 모르겠습니다 이렇게 딱 대답하고 말의 끝맺음을 확실 하셨어요 이제 교수님이 여태까지 여러 명의 훈련생을 봤을 때 말 끝맺음을 짓지 않는 친구들이 되게 많았다고 느꼈대요 요즘 젊은 친구들 중에 그래서 이거는 사회생활 할 때 무조건 확실하게 그리고 어떤 거를 물어봤을 때 결론부터 그래서 지금도 교수님이 저희한테 어떤 질문을 했을 때 저희는 결론부터 말하고 그 뒤에 상황 설명을 하고 있습니다 이런 부분은 참 좋은 거 같아요 비대면 수업은 잠이 올 때도 되게 많았는데 되면서 확실히 잠이 오거나 그런게 없었어요 또 교수님이 과제를 진짜 많이 내주세요 이게 실력이 늘긴 하는데 평일 저녁 주말에도 틈틈이 과제를 수행해야 하긴 해요 좀 벅차긴 했어요 좀 저한테 제가 아직 초보자랑 저한테는 좀 벅찰만한 과제였고 그리고 이 교수님의 수업은 그런게 많다고 하더라고요 궁금한 부분도 다 답변해주시고 실제 실무자 분의 말이니까 귀 기울여서 진짜 열심히 들었고 저도 적극적으로 질문을 많이 했습니다 연봉이라던지 아니면 다른 친구들은 지금 가서 어떤 일을 하는지 신입 개발자는 어떻게 일을 하고 몇 년 차에 이직을 해야 가장 좋을지 이런 것 이게 본인의 경험도 있지만 이분이 지금 협업에서 같이 일하는 분들도 있잖아요 그분들의 경험담까지 싹 다 말해주시니까 더욱더 정보가 많아진 느낌 저는 진짜 모든 강의가 당연히 강사님을 잘 만나야 하긴 하는데 진짜 만족하면서 다니고 있어요 그 비대면 강의 취소한 것도 저는 진짜 너무 다행이라고 생각하고 있고 제 선택에 후회할 그런 상황은 아니었어요 다행히도 학생들도 잘 챙겨주시고 저희는 교육 훈련 듣는 인원수가 별로 없어요 그래서 저희 개인 교수처럼 해주실 때도 있습니다 아무튼 여러모로 수강 취소하기 잘했네요 그래서 저는 비정동자 분이시면 진짜 대면 수업 받는 거를 추천드릴게요 비전공자는 되면서 받아야 됩니다 무조건 제 생각엔 그래요 무조건 받아야 되고 저도 그거를 비대면 교육과 대면 수업을 둘 다 같이 들어본 입장으로서 아 무조건 비대면은 조금 저는 비추천을 하긴 합니다 지금은 자바 연산자 돈을 배우고 있고 오늘이 아니고 이번 주에 데이터베이스까지 진도를 나간다고 하십니다 진짜 초반이지만 앞으로도 더 열심히 해보려고 하고 네 저는 또 그러면 다음 후기로 돌아오도록 할게요 또 만나요 안녕
HEh2xiIVbFc,https://www.youtube.com/watch?v=HEh2xiIVbFc,2022-01-24,진석입니다,비전공자 개발자 도전기 | 구직활동 시작 | 갑작스런 코딩 테스트 | 우물 안 개구리,
XUAoJ3Ha9tc,https://www.youtube.com/watch?v=XUAoJ3Ha9tc,2021-04-23,김왼손의 왼손코딩,비전공자도 충분히 할 수 있다 | 코딩을 처음 배우는 비전공자를 위한 안내서,자 이렇게 비전공자 는 어떻게 코딩을 시작해야 할지 알아 보았는데요 다시 한 번 내용을 정리해 볼까요 일단 코딩은 어려운 것이라는 마음의 준비가 필요합니다 코딩은 어렵습니다 특히 코딩을 처음 시작하는 비전공자 에게 더욱 어렵습니다 코딩은 한번 포기하면 다시 시작한지 어렵기 때문에 처음부터 마음의 준비가 필요합니다 마음의 준비가 되었다면 최대한 쉽고 가볍게 시작해야 합니다 인터넷 강의 라면 제일 짧은 강의를 오프라인 강의 라면 하루짜리 특강을 책이라면 가장 쉬운 책부터 시작하는 것이 좋습니다 비전공자가 모든 것을 알아야 할 필요는 없습니다 괜히 욕심 부리다가 다시는 쳐다보기도 싫을 수 있습니다 그냥 막연하게 코딩을 배우기 보다는 어디에 쓸 것인지 부터 분명하게 해야 합니다 목표만 명확하며 넌 관련 정보는 인터넷에서 충분히 찾을 수 있습니다 목표를 정해두고 하나씩 만들어 가다보면 실력은 자연스럽게 늘게 되어 있습니다 코딩은 배우고 끝나면 안되고 뭐라도 직접 만들어 봐야 합니다 코딩은 이론이 아닙니다 수험 만든다고 해서 실력이 늘지 않습니다 처음부터 완벽한 프로그램을 만들려고 하면 막막합니다 내가 생각하는 프로그램의 가장 작은 기능부터 만드세요 하나의 기능을 만드는 데 성공하면 또 다른 작은 기능을 만들어서 붙이세요 일을 반복하다보면 내가 원하는 프로그램을 완성할 수 있습니다 프로그램을 만들다 보면 언젠가는 반드시 문제에 부딪치게 됩니다 만들다가 문제에 부딪히면 구글의 힘을 빌 이세요 모든 답은 구글의 있습니다 비전공자 를 위한 추천 무료사이트는 꼭 한번씩 들어가 보면 좋겠습니다 자 여기까지 입니다 코딩은 어렵다 각오 단단히 해라 당의 내내 계속 겁을 줬는데요 사실 비전공자도 충분히 할 수 있습니다 처음이 어렵지 첫 단계 만 넘어가면 누구나 할 수 있습니다 코딩으로 는 우리가 하지 못했던 많은 것을 할 수 있습니다 이 강의를 보는 여러분 모두 포기하지 않고 끝까지 인해서 이런 경험을 함께 할 수 있으면 좋겠습니다 이 강의가 도움이 되었길 바라면서 여기서 바치겠습니다 지금까지 김현선 이었습니다 감사합니다
wEYHOEZXWeM,https://www.youtube.com/watch?v=wEYHOEZXWeM,2022-01-15,기술노트with 알렉,비전공자분들 이거 보시면 됩니다. 컴퓨터 전공자들이 배우는 과목,네 안녕하세요 오늘 주제는 컴퓨터 전공자를 무시할 수 없는 이유입니다 검투 전공자를 무시 한다 라고 하는 말이 아니고요 왜 비전공 전공 이렇게 나뉘면서 비전공 또는 정공 이라고 하면서 본인이 이제 비전공 이라는 것을 조금 어 표현을 하면서 과연 개발자 라든가 엔지니어를 할 수 있겠냐 라는 질문들을 상당히 많이 받았어요 그럼 과연 전공자가 무엇이 달라서 어떤 점에 집들이 나 경험들이 있기 때문에 업이 전공자들이 어 분리 1가 또는 뭔가를 모르는가 라는 부분이에요 결국 차이가 뭐냐 라는 거죠 물론 이제 비전과 전공을 나눌 때는 대학에서의 그 학과들 내가 수업하고 공부하는 내용들 뭐 그런거겠죠 그 학과에서 수업 안 내 용 뭐 리포트 뭐 이게 일단은 다르지 않겠습니까 그리고 뭐 4년 간의 어떤 생각들 고민들 경험들 이런 것들이 있겠죠 그럼 대표적으로 무엇이냐 사실은 뭐 재 기준이에요 많은 분들이 정말 열심히 대학생활을 하고 공부를 할 거라고 어 생각을 할게요 근데 제 기준에서는 어 사실은 그렇게까지 전공 수업을 음 아주 막 결심이 한 것 같진 않아요 물론 전공 이라는 것이 상당히 중요한 것인데 어 저같은 경우는 조금 과거의 집들을 이제 공부하는 느낌이라서 많이 와 닫지는 않았어요 근데 많은 분들이 뭐 전공 공부를 통해서 많은 지식을 쌓을 쉽겠죠 그런데 뭐 여기서 공부를 열심히 했냐 안했냐 를 떠나서 과연 무엇을 다루는 야의 측면 이에요 그 측면을 안다면 비전공자 들도 정오 자 만큼 뭔가 지식을 채울 수 있겠죠 전공자 들에서 다루는 겉이 대표적으로 컴퓨터구조 자 그리고 운영체제 그리고 음 자료구조 그리고 알고 리즈 자 그래서 음 프로그래머가 되고 개발자가 되는 상황에서 어 사실은 자 컴 토글 유와 운영체제는 개발 학원에서 잘 가르쳐 줄 아나요 프로그램 언어를 바로 공부 하죠 대부분 뭐 100% 는 아니겠지만 그러다 보니까 자료구조 뭐 알고리즘 쪽은 비전공자 들도 많이 공부를 하고 채워 넣었는데 억 컴퓨터 구조와 운영 체제를 체계적으로 다른 적이 별로 없는 거예요 그런데 전공자는 전공 필수 라고 해서 어쩔 수 없이 라도 한번은 듣게 되는 거예요 교수님들 통해서 전공 책을 공부 하죠 리포트도 내고 시험도 보죠 그러다 보니까 발생된 차이점이 라고 생각을 해서 그런데 이제 이런 생각하시죠 꼭 컴퓨터 구조를 알아야 돼 프로그램을 짜는데 내 컴퓨터 구조를 알아야 돼 운영체제를 알아야 돼 라고 하면 뭐 예를 든 파이썬을 짜는데 내 컴퓨터 구조 쿤 더욱 지식을 아는 것이 뭐 얼마 대단히 필요할까 라는 생각이 드는 거죠 아 이거 를 좀 하기에는 어 길 비용 이라는 것이 좀 아깝긴 해요 그러니까 내가 만약에 6개월이란 시간이 있다 그런데 6개월 시간 중에 뭐 반 이상을 내컴퓨터 구조나 운영체제를 공부해 가면서 내가 개발자 준비를 해야 되나 라는 생각을 해보면 모르겠어요 저 개인적인 생각으로는 그렇진 않은거 같아요 그런데 이제 실제 현업에서 와서 이제 회사를 다니면서 컴 개발자들 하고 얘기를 해 볼 때 보면은 그런 컴퓨터구조 라든가 운영체제 네트워크 이런 지식들이 좀 깔려있는 전공자들이 어떤 커뮤니케이션 사원 문제 상황에서 좀 다양한 각도의 또는 그 문제를 해결 함에 있어서 조금 더 어 발이 되는 경우가 있기 있어요 그리고 이제 알게 모르게 b 전공자들이 그런 얘기가 나올 때 눈빛이 살짝 이렇게 흔들리는 그런 느낌을 받은 적이 있어요 그래서 이게 참 악 안타깝죠 좀 이걸 제대로 공부하기에는 뭐 대학원 이라든가 전과 를 해서 복선 걸 해서 하기에는 아깝고 흩어 프로그램만 공부하기에는 이 부분이 부족하고 그래서 뭐 어제가 이제 컴퓨터구조 쪽으로 조금 더 여러분들께 필요한 분들께 어질 쫑이 지식적인 도움이 되고자 어제가 이전 영상에서도 말씀드렸지만 컴터 구조를 좀 다루려고 합니다 뭐 요런 얘기 사실 지금 영상에서는 큰 얘기는 아니지만 제가 느꼈던 비전공자 와 전공자의 차이 그것은 여기에 있지 않았나 프로그램 얼마 더 잘 잤냐 는 사실은 음 프로는 공부를 얼마나 많이 하고 또 계속 반복적으로 했냐 와 또 하나는 어 그 사람이 얼마나 재능이 있고 관심이 이냐에 따라서 비전공자 들도 충분히 하게 되는 것 같아요 그리고 실제 회사 생활하면서 풀어 온 b 종자들 높은 굉장히 잘 짠 을 많이 봤어요 그리고 실제 제가 경험한 아주 가까운 지인 중에 굉장히 잘하고 있는 사람이 비전공자 들도 있습니다 그래서 그런 부분들에 대해서는 반복적으로 또 공부를 하면 되는 부분이라고 좀 생각을 하기 때문에 컴퓨터구조 내용 또 운영체제 내용을 다뤄 보겠다는 말씀을 한 번 더 드립니다 그리고 너무 두려울 건 분명 없는 것 같구요 근데 이런건 있죠 내가 비전공 이기 때문에 어깨 끊임없이 공부를 한다 라는 마음은 사실 저는 발전할 수 있는 계속적인 원동력 이라고 생각해요 어떻게 보면 내가 이미 뭔가 알기 때문에 어 편하게 간다 보다 내가 부족하기 때문에 지속적인 노력을 하는 베이스가 된 다는 사람들이 음 꾸준한 성장을 하는 것 같아서 저는 좀 뭐 나쁘지 않은 조건일 수 있다 라는 해요 토 좀 들고요 자 그래서 제가 앞으로 아 컴퓨터구조 쪽 운영체제 관련된 얘기들을 딱딱할 수 있지만 최대한 쉽게 얘기를 해보려고 합니다 자 전공은 이미 하신 분들도 그 내용이 정말 흥미롭고 재미있는 사람들도 있겠지만 사실은 좀 사실은 많이 재밌지 난초 프로그램 만드는게 훨씬 좀 와 닫기도 하고 재밌어서 한번 리마인드 차원으로 도 어 좋을 것 같다는 생각이 듭니다 오늘 업이 전공자와 정자 얘기를 뭐 해봤습니다 추운 날씨에 건강관리 잘 하시고요 또 뵙도록 하겠습니다 감사합니다
Tsqi91fchY8,https://www.youtube.com/watch?v=Tsqi91fchY8,2023-01-05,휴넷TV,새해 목표 중에 '개발 공부'가 있다면 클릭👩‍💻 비전공자 개발자가 알려주는 개발 공부법 체크 [#짧공],만약 여러분이 개발 공부를 이제 막 시작하는 상황이시라면 먼저 서점에서 본인이 선택한 개발언어와 관련된 책을 구매해보세요 책에 두께는 무조건 얇은 것을 추천드리고 싶은데요 그 이유는 개발 언어를 깊게 배우고자 하면 한없이 깊어지기 때문에 저는 주로 두이시리즈를 많이 추천드립니다 지금 하시는 일을 병행하면서 조금씩 개발자의 삶에 스며드는 방법을 가장 추천드리고 싶은데요 개발 공부 자체가 끝이 없기 때문에 매일 학습하는 습관을 꼭 들으시기 바랍니다 저에게 개발을 할 때 가장 뿌듯한 순간을 뽑으라면 고생했던 결과물이 눈앞에 보이는 순간일 것 같습니다 개발은 결국 하나의 프로덕트를 만들어내는데 의미가 있기 때문에 여러분들도 최종적인 목표를 만들고 시작하시기를 추천드립니다 본인이 필요하다라고 생각하는 서비스를 기획부터 한번 해보시는 거예요 하지만 여기서 주의할 점은 단순히 생각 안으로 하지 말고 꼭 눈에 보이는 기획을 해라는 겁니다 요즘에는 누구나 쉽게 해볼 수 있는 좋은 uiux 툴들이 많이 있습니다 피그마부터 오도비xd 등 조금만 배워도 가장 기본적인 사용법들을 익힐 수 있고이 서비스를 이용하면 꽤나 그럴듯한 uiux를 완성할 수 있습니다이 방법을 추천드리는 이유는 눈에 보이는 기획을 해놓았기 때문에 그때부터는 개발 공부하시는 것이 너무나도 재미있으실 거예요 저도 개발을 시작한 이유가 기존에 하고 있던 서비스를 구현하고자 하는 갈증에서 시작한 거라서 공부를 하면서 조금씩 조금씩 그 서비스에 대해서 기획을 했었습니다 사소한 기획 하나가 여러분의 학습 능력을 높이는 것과 동시에 학습과 프로덕트를 같이 진행할 수 있도록 만들어 줄 것입니다 개발이라는 공부는 끝이 있는 공부가 아닙니다 그렇기 때문에 하다보면 현업에 지치고 끝없이 공부를 그만하고 싶어질 때가 오죠 이것을 막아줄 수 있는 것이 바로 개발 블로그입니다 주변에 개발자 분들을 보시면 생각보다 많은 분들이 각자 개발 블로그를 운영하고 계실 텐데요 습관을 형성하기 위해서든 다른 개발자들과의 소통을 위해서든 개발자들 사이에서는 블로그를 적극적으로 사용하는 것이 하나의 문화로 자리 잡았습니다 블로그를 적으면 장점이 많습니다 먼저 개발도 공부이기 때문에 정리를 하면서 공부하는 것이 유리합니다 개발 공부를 조금이라도 해본 사람이라면 아실 거예요 찾아봤던 것을 또 찾아보고 또 찾아보고 하는 일이 얼마나 자주 있는 일인지요 이런 과정을 줄여줄 수 있는 것이 개발 블로그에 기록하는 것입니다 본인이 해결한 문제들을 기록해 놓으면 기억에도 오래 남고 다음번에는 그 시작을 줄여줄 수 있습니다 두 번째 장점은 블로그를 정리하면서 나를 반성할 수 있습니다 매일매일 블로그를 적다보면 단순히 학습한 것뿐만 아니라 그날 나의 하루 일과와 컨디션 마음가짐에 대해서도 적는 날들이 많아집니다 그렇게 적은 글들이 쌓이다 보면 블로그를 통해 나를 다시 돌아볼 수 있고 슬럼프에 빠지더라도 금방 빠져나올 수 있습니다
9RS6xUNAFTk,https://www.youtube.com/watch?v=9RS6xUNAFTk,2021-04-23,김왼손의 왼손코딩,코딩을 처음 배우는 비전공자를 위한 안내서 | 김왼손의 왼손코딩,안녕하세요 웬 송 코딩의 김해 손입니다 김 왼손에 왜성 코딩은 비전공자 를 위한 세상에서 제일 쉬운 코딩 교육을 목표로 하는 채널입니다 최근 몇 년간 코딩이 되세요 코 당분간 계속될 것 같은데요 이런 트렌드에 따라 많은 비 전공자들이 코딩의 도전하고 있습니다 많은 인터넷 사이트와 학원에서 코딩을 쉽다고 홍보합니다 하지만 대부분의 비전공자 들은 중간에 포기하고 맙니다 왜이렇게 다들 포기하게 되는 걸까요 저는 컴퓨터공학과 출신입니다 어느 전공이 된 적성이 맞지 않는 사람들이 있습니다 제가 바로 그랬는데요 저는 세상에서 코딩을 젤 싫어했습니다 이쪽 분야에서 이런 사람들을 보통 코딩 포기자 라고 하죠 그래서 저는 코드 애니 어려워서 포기 하는 비전공자 의 마음을 잘 알고 있습니다 코딩은 어렵습니다 특히 코딩이 라는걸 처음 접한 비전공자 에겐 더욱 어렵습니다 지금 이 영상을 보는 여러분도 코딩이 어렵다면 잘 찾아오신 겁니다 코딩 교육 유튜브 채널을 한지도 벌써 5년이 고 그동안 b 전공자를 대상으로 온라인 오프라인 강의도 많이 했습니다 많은 비 전공자들에게 코딩을 가르치면서 공통적으로 느꼈던 것들이 있습니다 이런 것들을 모아 모아서 코딩을 시작하기 전 b 전공자들이 알아두면 좋을 것들을 정리해 봤습니다 코딩을 처음 시작하는 비전공자 라면 꼭 한번 보고 하기를 추천합니다 자 그럼 시작해 볼까요
rAhtWk7LOCI,https://www.youtube.com/watch?v=rAhtWk7LOCI,2021-04-23,김왼손의 왼손코딩,세상에 쉬운 코딩은 없다 | 코딩을 처음 배우는 비전공자를 위한 안내서,비전공자가 코딩을 시작하기 위한 가장 첫 단계는 뭘까요 바로 마음가짐입니다 코딩은 어려운 것이라는 마음의 준비가 필요합니다 요즘 워낙 코딩이 인기가 많다보니까 각종 학원과 온라인 강의가 생각하고 있습니다 그들은 대부분 코딩이 쉽다 공부합니다 이런거 절대로 믿으면 안됩니다 이런 강의를 만드는 사람들은 대부분 코딩을 잘하는 사람들입니다 이 사람들은 오랜 시간동안 코딩을 해야 하기 때문에 코딩이 아주 익숙해서 코딩이 얼마나 어려운지 잘 알지 못합니다 본인에게 쉬우니까 비전공자 에게 또 쉬울 것이라고 착각하는 건데요 전공자와 비전공자 사이에는 보이지 않는 벽이 있습니다 이 벽을 넘는 것은 굉장히 어려운 일입니다 또 어떤 사람들은 돈을 벌기 위해 사기를 칩니다 코딩이 어렵다는 사실을 알지만 수강생을 모으기 위해 거짓말을 합니다 코딩은 어렵습니다 특히 코딩을 처음 시작하는 비전공자 에게는 더욱 어렵습니다 의도가 어떻든 이렇게 코딩의 쉽다고 속아서 시작한 비 전공자들은 금방 벽에 부딪힙니다 그리고 포기해 버립니다 이렇게 중간에 포기한 비전공자 들은 어떻게 될까요 결국 코딩을 무서워하고 비워 하게 됩니다 애초에 시작하지 않는게 더 나을 수도 있습니다 요즘 코딩을 필수 교양과목으로 가르치는 대학교가 많이 들고 있는데요 이와 동시에 코딩을 포기하고 미워한 학생들의 수도 많아지고 있습니다 코딩 이 세상에서 대 싫다고 말하는 학생들을 보면 상황이 얼마나 심각한지 알 수 있습니다 코딩은 한번 포기하면 다시 시작하기 정말 어렵습니다 들었기 때문에 애초에 포기하는 경우를 만들지 말아야 합니다 그러려면 거짓에 현혹되지 않고 코딩은 어려운 것이라는 마음의 준비가 꼭 필요합니다
tLBMu6-5zcE,https://www.youtube.com/watch?v=tLBMu6-5zcE,2021-04-23,김왼손의 왼손코딩,그래도 최대한 쉽게 시작하자 | 코딩을 처음 배우는 비전공자를 위한 안내서,공부든 운동이든 모든 분야가 마찬가지겠지만 시작을 하는 게 가장 중요하고 어렵습니다 많은 사람들이 코딩을 배우고 싶다고 말하지만 정작 실제로 시작하는 사람 그렇게 많지 않습니다 이 영상을 보고 있는 여러분은 코딩을 시작하려고 마음을 먹은 분들일 겁니다 아주 훌륭합니다 시작하겠다는 마음을 먹고 실천에 옮긴 것만으로 이미 절반은 해낸 겁니다 그렇다면 이제 어떻게 시작해야 할까요 코딩은 최대한 쉽고 가볍게 시작해야 합니다 인터넷강의로 공부하고 싶다 그럼 제 짧은 강의를 찾으세요 오프라인 강의를 듣겠다 하루짜리 특강 을 찾아서 우선 밥부터 보세요 책으로 공부하고 싶다 가장 얇은 책 가장 쉬운 책부터 찾으세요 욕심부리지 마세요 비전공자가 모든 것을 알아야 할 필요는 없습니다 우리는 필요한 것만 알면 됩니다 처음부터 모든 것을 끝내려고 하면 당연히 포기할 수 밖에 없습니다 혹시 파이썬을 가장 쉽게 시작하고 싶다면 왼손 코딩의 한입에 쏙 파이썬을 추천합니다 그리고 절대 무리하지 마세요 어떤 방법으로 시작해도 좋지만 한방에 끝내려고 하지 말아야 합니다 모든 시작하면 어떻게든 끝을 보려는 사람들이 있습니다 뭔가를 배울 때 책 한권 정도는 마스터 해줘야 뭔가 개운한 사람들이 인데요 강의를 봐도 첫 영상부터 마지막 영상까지 책도 첫 장부터 마지막 장까지 전부 봐야 직성이 풀립니다 그런데 코딩을 이런 방식으로 접근해서 는 오래가지 못합니다 코딩 언어의 종류도 굉장히 많지만 하나의 언어 만해도 배워야 할 것이 엄청 많습니다 대형 서점에 가서 it 코너를 한번 둘러보세요 코딩 책은 엄청 두껍습니다 보통 300 페이지에서 천 페이지가 넘어가는 것도 있습니다 또한 기술의 발전이 워낙 빨라서 계속해서 새로운 것을 배워야 합니다 개발 자라고 하더라도 애초에 마스터는 불가능 하죠 개발자가 평생 공부해야 하는 이유 입니다 다시 한 번 말하지만 비전공자가 모든 것을 알아야 할 필요는 없습니다 우리는 필요한 것만 알면 됩니다 괜히 욕심 부리다가 다시는 쳐다보기도 싫을 수 있습니다
sdTW6I3azKY,https://www.youtube.com/watch?v=sdTW6I3azKY,2021-04-23,김왼손의 왼손코딩,코딩 배워서 어디에 쓰려고? | 코딩을 처음 배우는 비전공자를 위한 안내서,코딩을 배워서 어디에 쓸 것인지 목표가 명확해야 합니다 스티브 잡스도 코딩을 배우라고 하고 오바마도 코딩을 배우라고 하고 온 세상에 코딩을 배우려고 하는 상황입니다 코딩이 대세 라고 하니까 뭔지 모르겠지만 다도 배워야지 하는 사람들이 많습니다 코딩 교육 유튜브 채널을 한지도 벌써 5년이 고 그동안 b 전공자를 대상으로 온라인 오프라인 강의도 많이 했습니다 강의를 하면서 가장 많이 들었던 질문이 있습니다 금 덜 이곳 배워서 거 또 어디 있어요 어제 쓴 지도 모르면서 무작정 배우는 건데요 코딩은 어렵습니다 이렇게 구체적인 목표가 없으면 금방 포기할 수 밖에 없습니다 영어 공부를 예로 들어볼까요 여기 a 와 삐 가 있습니다 a 는 영어를 잘하면 어디에 뜻을 먹겠지 하는 생각을 갖고 있습니다 정말 하기 싫지만 꾸역꾸역 영어단어를 외웁니다 비는 1년 아내 반드시 외국인 이성 친구를 사귀게 따는 명확한 목표를 가지고 있습니다 이를 목표로 열심히 회화를 연습합니다 a 와 b 둘 중 누가 더 영어 실력이 빨리 될까요 아마도 삐삐가 실력이 빨리 늘 확률이 높습니다 코딩 도 마찬가지입니다 앱스토어에 내가 만든 게이머 올려서 대박을 내고 싶어 주식에 관심이 많은데 나 대신 자동으로 주식거래를 하는 프로그램을 만들고 싶어 5 이상형월드컵 사이트 재밌어 보이네 다도 1호 웹사이트를 만들고 싶어 이런 목표가 있어야 앞으로 뭐 부터 공부해야 할지 정할 수 있습니다 앱스토어에 올릴 앱을 만들려면 어떤 언어를 배워야지 자동으로 주식 거래하는 프로그램을 만드는게 가능한거 이상형 월드컵 같은 사이트에 호드를 공유한 사람은 없을까 목표만 명확하며 넌 관련 정보는 인터넷에서 충분히 찾을 수 있습니다 그냥 막연하게 코딩을 배우기 보다는 어디에 쓸 것인지 부터 분명하게 해야 합니다 어디에 쓸지는 잘 모르겠고 그냥 뭔가 만들어보고 싶다면 일상에 도움이 될 만한 작은 것부터 만들어 보세요 자동으로 로또 구매하는 프로그램이 될 수도 있고 파일은 1 걸 바꾸기 프로그램이 될 수도 있습니다 목표를 정해두고 하나씩 만들어 가다보면 실력은 자연스럽게 늘게 되어 있습니다
uddHVFpleB8,https://www.youtube.com/watch?v=uddHVFpleB8,2021-04-23,김왼손의 왼손코딩,뭐라도 직접 만들어 보자 | 코딩을 처음 배우는 비전공자를 위한 안내서,코딩을 배워서 하고 싶은 목표를 정했다면 이제 한번 만들어 보세요 수년동안 아비 전공자들에게 코딩을 가르치면서 공통점을 찾아 냈습니다 다들 강의만 듣고 뭔가를 만들어 보려고 하지 않는다는 것입니다 사실 강의만 들어서 는 머리에 남는게 없습니다 직접 만들어 봐야 합니다 모든 분양한 그렇겠지만 코딩은 더욱 그렇습니다 강의에서 배운 것이 아닌 직접 만들면서 채택한 것이 정말 본인의 것이 됩니다 코딩은 이론이 아닙니다 수험 만든다고 해서 실력이 늘지 않습니다 저는 인스타그램에서 파이썬의 시 태그를 팔로우 하고 있는데요 감옥 보면 아주 예쁘게 필기한 노트 사진이 올라 옵니다 아마도 파이썬 수업을 듣는 비전공자 학생인 것 같은데요 이 학생이 정답을 맞춰야 하는 중간고사 기말고사는 잘 볼 수 있을지 모르겠지만 제대로 된 프로그램을 만들 수 있을지는 의문입니다 프로그램을 만들 때는 처음부터 욕심을 내지 말아야 합니다 처음부터 완벽한 프로그램을 만들려고 하면 막막합니다 막막하기 때문에 선뜻 시작할 수 없게 됩니다 내가 생각하는 프로그램의 가장 작은 기능부터 만드세요 하나의 기능을 만드는 데 성공하면 또 다른 작은 기능을 만들어서 붙이세요 이렇게 반복하다 보면 내가 원하는 프로그램이 완성됩니다 작은 성공이 싸요 큰 성공이 됩니다 예를 들어 파이썬으로 엑셀 파일의 내용을 자동으로 정리 하고 싶다고 해 볼까요 처음으로 만들어야 하는 기능을 볼까요 데이터 복사 붙여 넣기 그래프 그리기 서식 맞추기 아닙니다 일단 엑셀 파일을 여는 것부터 시작해 합니다 일단 엑셀 파일 열기를 성공하면 그 다음엔 엑셀 파일에서 데이터 읽어오기 그 다음엔 엑셀 파일에 데이터 쓰기 이런식으로 작은 성공을 반복해야 합니다 물론 전문 개발자라면 완전한 프로그램을 만들기 위해서 엄격한 설계가 필요합니다 하지만 우리는 비전공자 입니다 일단 만드는 것이 중요합니다 시작도 못하고 포기 할 바엔 조금 부족하더라도 그냥 시작하는게 더 낫습니다
QV0E1oz41_8,https://www.youtube.com/watch?v=QV0E1oz41_8,2021-04-23,김왼손의 왼손코딩,구글 신은 모든 것을 알고 있다 | 코딩을 처음 배우는 비전공자를 위한 안내서,이렇게 프로그램을 만들다 보면 언젠가는 반드시 문제에 부딪히게 됩니다 이럴 땐 어떻게 할까요 주변에 물어볼 수 있는 사람이 있다면 주저없이 불어 보세요 하지만 비전공자 라면 주변에 이런 사람이 없을 확률이 매우 높습니다 이럴땐 구글에 검색해 보면 됩니다 모든 답은 구글의 있습니다 전문 개발자도 매일같이 구글에서 검색을 합니다 이 것저것 시도하면서 문제를 해결하는 과정을 보통 삽질 한다 라고 하는데 개발자에게는 삽질이 일상 입니다 시간과 노력은 많이 넣을 수 있지만 삽질 하면서 배우는 내용은 절대 잊어버리지 않습니다 구글에 검색해서 답이 나오지 않는 경우 두가지가 있습니다 첫번째는 검색 실력이 떨어지는 경우입니다 이건 검색을 자주 하다보면 자연스럽게 늘게 되어 있습니다 두번째는 누구도 질문하지 않을 비상식적인 내용을 검색하는 겁니다 이건 질문이 잘못된 경우이기 때문에 질문을 바꿔야 합니다 구글은 잘못이 없습니다 올바른 방법으로 검색하면 시간과 노력은 될수 있어도 결국 답은 알아낼 수 있습니다 그런데 비전공자 는 아무리 검색해도 문제를 해결하지 못하는 경우도 많은데요 제가 코딩 포기 자주 신이 나서 않은데 비전공 자들의 대부분은 프로그램 설치 에서부터 밝힙니다 시작부터 하지 못하는 거죠 어찌어찌 고비를 넘겨 도 금방 다른 문제 막혀서 더 나아가지 못합니다 뭐 때문에 그런가 보면 보통은 아주 사소한 문제 드립니다 정 공자에게 는 아무것도 아니 문제이지만 비정 자에게는 너무나 어렵습니다 이럴 때는 다른 사람의 도움을 받는 것이 정신건강에 좋습니다 주변에 물어볼 사람이 있다면 바로 물어보세요 코딩은 삽질 하면서 배웁니다 하지만 먼저 삽질 한 사람이 있다면 굳이 다 까지 삽질 할 필요는 없습니다 주변의 도움 줄 사람이 없다면 온라인 커뮤니티에 물어보세요 그것도 어렵다면 돈이라도 쓰세요 오프라인 이나 온라인 강의의 등록하면 강사에게 도움을 받을 수 있습니다
jvQx4jMRSuo,https://www.youtube.com/watch?v=jvQx4jMRSuo,2021-04-23,김왼손의 왼손코딩,비전공자를 위한 추천 무료 사이트 | 코딩을 처음 배우는 비전공자를 위한 안내서,인터넷에는 정보가 차고 넘칩니다 하지만 b 전공자들은 인터넷에서 좋은 정보를 찾는 것부터 어렵습니다 이런 상황에서 정보가 잘 정리되어있는 사이트는 비전공자 에게 큰 도움이 됩니다 학습에 도움이 될만한 무료 사이트 몇 개를 추천하겠습니다 동영상 강의는 짧은 시간에 양질의 정보를 얻을 수 있는 끌 적인 방법입니다 유튜브에도 좋은 강의 형상이 많지만 이런 강의 영상을 따로 모아놓은 사이트 도 있습니다 영어의 어려움이 없다면 코 세라를 추천합니다 유대 씨 티나 유 댐이 에도 좋은 강의들이 맞지만 유도 입니다 하지만 한국인 이상 영어보다는 한국어가 익숙한 분들이 대부분일 겁니다 국내에도 동영상강의를 모아놓은 사이트가 많은데 그중 강의가 가장 많은 곳이 바로 인프라입니다 인 풀어내는 유조 강의도 있지만 부족하기도 많습니다 배우고 싶은 분야를 검색해 보면 대부분의 경우 강의를 찾을 수 있을 겁니다 비슷한 사이트로는 programmer's 나 구름 이라는 곳도 있습니다 모르는 것이 생겼을 때 주변에 물어볼 사람이 없다면 인터넷 커뮤니티를 이용하는 것도 좋은 방법입니다 생활코딩 이라는 국내 사이트가 있습니다 비전공자 를 위한 코딩 교육 사이트 인데요 웹 사이트도 있고 유튜브 채널 페이스북 그룹 또 있습니다 이 중 제가 추천하는 것은 페이스북 그룹 입니다 생활코딩 페이스북 그룹 은 활동이 아주 활발합니다 현직 개발자 개발자 침 앙세 비전공자 등 구성원이 다양하고 질의응답이 아주 활발합니다 혹시 궁금한게 있다 며 생활코딩 페이스북 그룹에 질문글을 올려보세요 터무니 없는 질문만 아니면 많은 사람들이 친절하게 답변해 줄 겁니다 혹시 파이썬을 공부하고 싶은 사람이 있다면 점프 투 파이썬 이라는 사이트를 추천합니다 점프 투 파이썬 은 우리나라에서 가장 오래됐고 많이 팔린 파이썬 책 입니다 요즘은 워낙 좋은 책들이 많이 있어서 이 책이 최고로 좋다고는 할수 없겠지만 그래도 배나 없는 베스트 셀러 입니다 이 책은 위키 독스 라는 사이트에 모두 무료로 공개되어 있습니다 프로그램 만들면서 파이썬 관련해서 검색하다 보면 자주 만나게 되는 사이트 입니다 설명도 쉽게 잘 되어있는 편이니까 즐겨찾기에 추가해 두면 좋습니다
fLMoJjCh5JQ,https://www.youtube.com/watch?v=fLMoJjCh5JQ,2023-04-17,인천일보아카데미,[Java] 초보 개발자가 많이 하는 실수 3 - 생성자의 사용 방법,안녕하세요 오늘은 초보자가 많이 하는 실수 3탄 생성자는 언제 어떻게 사용되나요에 대해서 알아보겠습니다 오늘의 문제코드입니다 애니멀 클래스와 메인 클래스로 고정되어 있고 메인 메서드 안에서 애니멀 클래스를 ABC 총 객체 세계를 생성했습니다 그중에 두 개가 오류가 났는데요 한번 천천히 살펴보시면 객체 생성을 할 때는 기본적으로 생성자 호출이 되는데 강아지 4를 받을 수 있는 생성자를 찾아보면 스트링 레인 인트 레그진 이렇게 존재를 하죠 근데 아무것도 받지 않는 기본 생성자 강아지만 받을 수 있는 스프링 파일 매개변수 하나만 받을 수 있는 생성자가 존재하지 않습니다 그래서 직접 여기서 생성자를 작성을 해주고 입력받은 네임을 필드에 저장을 해야겠죠 이런 식으로 생성자를 작성을 모두 해주면 맨에서 객체 생성을 할 때 오류가 모두 없어진 것을 확인할 수 있습니다 이 상태로 실행을 해보면 a 객체에 있는 네임은 널 다리는 0개 이 객체는 강하지만 받아서 네임은 강아지 아리는 0 이거는 강아지 아가 저장되어 콘솔에 출력되는 것을 확인할 수 있습니다 마지막으로 정리를 해보면 생성자는 객체 생성을 할 때 실행이 되는데 메인에서 사용할 때 매개변수의 타입과 개수가 일치할 때만 오류가 나지 않고 정상적으로 객체 생성이 되는 것을 확인할 수 있었습니다 그리고 매개변수가 하나도 없는 기본 생성자는 매개변수가 있는 생성자가 있을 때는 자동으로 생성되지 않지만 아무것도 없었을 때는 기본적으로 생성되는 생성자라고 기억하고 계시면 됩니다 오늘은 이것으로 마치고 다음 시간에 뵙겠습니다 고생하셨습니다
FXdQa3Kp9EE,https://www.youtube.com/watch?v=FXdQa3Kp9EE,2023-04-17,인천일보아카데미,"[Java] 초보 개발자가 많이 하는 실수 2 - for문, if문을 사용하면 괄호가 부족한 이유",안녕하십니까 오늘은 초보자가 많이 하는 실수 2탄 폼은이 부분을 사용하면 괄호가 부족해지는 이유에 대해서 알아보겠습니다 현재 코드를 보시면은 오류를 많이 발생한 것을 확인할 수 있는데 마지막 중괄호에 마우스를 갖다 대게 되면은 괄호가 부족하다는 영어 문장이 나옵니다 그래서 차근차근 중괄호를 따져보면 일단 퍼블릭 클래스 네임 메인의 클래스 중괄호는 여는 중과로 닿는 중과로 짝이 맞죠 다음에 퍼블릭 스태틱 보이드 메인 메서드의 중괄호를 보면은 여는 중과로는 여기 있고 닿는 중간에도 확인할 수 있습니다 그 다음에 그 안에서 포문 포문의 중간으로는 여는 중과로 받는 중괄호가 있죠 그 다음 안에 있는 홈은 안에 있는이 포문은 여는 중괄호는 있는데 아는 중괄호가 없어요 여기서 닿는 중괄호를 추가해주고 받는 순간을 추가해 줬더니 마지막에 있는 중괄호에 오류는 없어졌는데이 품은 안에 있는 아이의 오류가 발생한 것을 볼 수 있습니다 이거는 천천히 살펴보면 홈은 안에서 i라는 카운터 변수를 선언을 해줬는데이 폼은 마지막에 세미콜론을 찍어서이 안에 있는이 부분에서 i를 인식할 수가 없게 되는 거죠 그래서 마지막에 있는 세미콜론을 지워주고 컨트롤 f11로 실행해 주면 1부터 10까지 짝수에서 30이 정상적으로 출력되는 것을 확인할 수 있습니다 마지막으로 정리를 해보면 호문과이 부분을 사용했을 때 세미 컬러는 중괄호 내부 코드에서만 사용한다 그리고 여는 중괄호와 가는 중괄호의 짝이 맞아야 한다 이전 꼭 기억해 주시고 오늘은 이것으로 마치겠습니다 고생하셨습니다
3lyVdg-Z3rE,https://www.youtube.com/watch?v=3lyVdg-Z3rE,2023-04-17,인천일보아카데미,[Java] 초보 개발자가 많이 하는 실수 4 - 변수의 사용 가능 범위,안녕하세요 오늘은 초보자가 많이 하는 실수 4탄 변수에 사용하는 범위는 어디까지일까에 대해서 알아보겠습니다 오늘의 예시 코드입니다 네스클래스와 메인 클래스로 고생되어 있고 매스 클래스를 한번 살펴보면은 맨 처음에 선언된 명변수는 저녁 변수로이 클래스 매스 전체에서 사용이 가능합니다 그리고 그 밑에 있는 넘버 변수는 스태틱이 붙어 있어 정적 변수로서 다른 클래스에서 사용할 때 항상 공통적으로 값이 변하고 가져올 수 있는 걸로 알고 계시면 됩니다 그리고 체크 메서드와 플러스 메서드로 고정되어 있는 것을 확인할 수 있죠 그래서 차근차근 보면은 메서클래스를 M1 객체와 M2 객체로 각각 선언을 해줬고 처음에 체크 메서드와 플러스 메서드를 실행을 해줬습니다 실행할 때는 각각 맥앤수로 10과 20으로 다른 수를 주었습니다 그 다음에 정적 변수인 넘버를 체크하기 위해서 m1에 넘버와 m2n 넘버를 출력했고 넘버를 30으로 바꾼 뒤 다시 출력하는 것을 한번 보겠습니다 위에서 차근차근 보면은 체크 메서드를 실행했을 때 먼저 저녁 변수 너무 값 매스클래스 안에서 선언된 전역 변수 영각 TV 출력됐고 그 다음에 넣은이 체크메서드 안에서 선언된 지역변수도 20 출력되었습니다 그 다음에 플러스 메소드를 실행할 때 m1에서는 10을 매입을 해줬죠 그래서 매개변수로 받은 10이 저장되어 집이 출력되었고 그 밑에서는 전역 변수 넣으면 입력받은 11m에서 22 출력되었습니다 그 다음에 똑같이 n2백체 기준으로 보면은 매개변수를 20으로 주었죠 그래서 매개변수로 주어진 22 저장되어 출력이 되었습니다 그리고 그 밑에서 면역변수 다음에 입력받은 20이 더해져 30이 출력되는 것을 볼 수 있었습니다 그 다음에 각각의 넘버를 출력했었는데요 기본적으로 선언할 때 100으로 선언을 해줬고 그래서 똑같이 100으로 콘솔에 출력된 것을 확인할 수 있고 그 다음에 30으로 바꾸고 나서는 넘버 모두 30으로 바꾸어져 출력된 것을 확인할 수 있습니다 마지막으로 정리를 해보면 클래스 영역에서 선언되는 전역 변수는 선언된 영역 정체에서 사용이 가능하고 보통 메서드 안에서서는 데는 지역변수는 그 메서드 안에서만 사용이 가능합니다 변수 선언을 할 때 앞에 스태틱이 붙는 정적 변수는 가장 메모리에 먼저 올라가서 모든 객체가 공용으로 사용합니다 유일한 특징은 백제 생성이 필요 없이 사용이 가능하다는 점입니다 이렇게 오늘 마무리 정리를 하였고 이만 마치겠습니다 고생하셨습니다
uVom51zZy2g,https://www.youtube.com/watch?v=uVom51zZy2g,2023-04-18,인천일보아카데미,[Java] 초보 개발자가 많이 하는 실수 5 - print 메소드의 종류와 사용법,안녕하세요 오늘은 초보자가 많이 하는 실수 5탄 프린트 메소드의 종류와 사용법이 몇 가지나 되나요에 대해서 알아보겠습니다 오늘의 예지코드입니다 민트 타입의 이어에 23이라는 값이 담겨 있고 str1이라는 변수에 베스트 훈련기관 str2의 행복가득이라는 값이 담겨 있습니다 그리고 프린트 메서드에서는 안녕하세요를 출력했고 프린트 ln에서는 str1 변수와 인천일보 아카데미에서를이어서 출력을 했고 프린트 f에서는 퍼센트 d와 퍼센트 s로 후방 따옴표 안에서 포맷을 설정해 주었고 그 뒤에 취포하세요까지이어서 출력하게끔 코드 작성을 마쳤습니다이 상태로 한번 실행을 해보면 안녕 안녕하세요와 훈련기관 인천일보 아카데미에서까지 쭉이어서 붙어서 나오는 걸 확인할 수 있는데요 일단 기본적으로 포인트 ln 메서드는 줄바꿈 기능이 기본적으로 존재합니다 하지만 프린트에서는 줄바꿈 기능이 없기 때문에 프린트에서 줄바꿈을 하고 싶다 그럴 때는 작성해서 줄바꿈을 해주고 그 다음에서도 베스트 훈련기간 다음에 띄어쓰기를 한번 하고 싶다 그러면은 쌍따옴표 안에서는 무조건 입력한 값 그대로 출력되기 때문에 인천 앞에서 띄어쓰기 한 번만 해주면 그대로 출력되는 것을 볼 수 있습니다 한번 이대로 저장을 하고 다시 실행을 해보면 안녕하세요 다음에 줄바꿈 기능이 적용이 되었고 베스트 훈련기간 다음에 띄어쓰기가 적용된 것을 확인할 수 있습니다 마지막으로 정리해보면 출력문 안에 쌍따옴표 내부에 있는 문장은 있는 그대로 출력되는 거고 만약에 변수에 담긴 값을 출력할 때는 상반표 안에서 써주지 말고 밖에서 써주고 그 사이에는 플러스로 연결해 줍니다 그리고 프린트 LM 메세지에는 자동 줄바꿈 기능이 존재하고 그 외에 출력 부분에서는 역슬래시 n을 통해서 줄바꿈을 할 수 있습니다 그리고 프린트 f에서는 정해진 포맷으로 출력이 가능합니다 예를 들어 퍼센트 dm은 정수 퍼센트 sn은 문자에 존재합니다 오늘은 여기까지 하겠습니다 고생 많으셨습니다
TAeeBLU-1JA,https://www.youtube.com/watch?v=TAeeBLU-1JA,2023-05-03,인천일보아카데미,[Java] 초보 개발자가 많이하는 실수 7 - 리턴이 있는 메소드와 없는 메소드의 차이점,안녕하세요 오늘은 초보자가 많이 하는 실수 7탄 리턴이 있는 메소드와 없는 메서드는 뭐가 다를까에 대해서 알아보겠습니다 오늘의 예시코드입니다 오늘은 메인 메서드에서 매스 클래스 객체를 생성하고 그 안에 있는 플러스 1 2 3 메서드를 활용해서 입력한 값에 10을 더한 값을 출력하고자 합니다 근데 지금이 상태로 실행을 해보면 콘솔창에 아무것도 나오지 않는 것을 볼 수가 있는데요 일단 기본적으로 콘솔창에 출력하기 위해서는 항상 프린트 메서드 안에 넣어줘야 하는게 기본적인 원칙입니다 그래서 각각 넣어주고 마지막 플러스 3까지 넣어주면 플러스 원 메소드가 들어간 프린트 ln에만 오류가 나는 것을 확인할 수가 있는데요 이게 자세히 살펴보시면 플러스 원 메서드는 보이드 리턴 타입이 보이드라서 리턴이 없는 것을 확인할 수가 있습니다 그래서 메인에서 출력하려고 해도 리턴 값이 없기 때문에 출력값이 없기 때문에 또 오류가 나는 건데 반면에 플러스 2랑 3는 리턴 타입이 인트로 정수를 리턴해주는 리턴 값이 있죠 그래서 오류가 나지 않는 것을 볼 수가 있습니다 그래서 만약에 지금 플러스원 메서드를 실행하고 출력값을 보고자 한다면은 플러스 모양은 메서드에서 필드에 있는 result에 저장을 했기 때문에 플러스원 메소드 호출 할 때 프린트 ln에 묶는게 아니고 먼저 실행을 한 다음에 필드 값 result를 출력하게 되면은 플러스원 메서드를 실행하고 나서 필드 result 값을 출력할 수 있는 거죠 그래서이 상태로 한번 실행을 해보면 22식으로 똑같이 나오는데요 한줄씩 살펴보면은 플러스 1 메서드의 매개변수를 10 넣었고 그 10의 더하기 10을 해서 필드 값 result의 20이 저장됐습니다 그래서 그 필드 값 그대로 출력했기 때문에이 집이 출력된 거고요 플러스2에서는 마찬가지로 10을 넣어줬는데 10에다가 10을 더해줘서 필드 값 result에 또 20이 저장됐죠 똑같이 그래서 그 값을 그대로 리턴을 해줬고 그 값이 그대로 20이 출력되는 것을 볼 수 있습니다 그리고 플러스 3에서도 10을 넣어줬고 여기서는 지역변서 리절트를 따로 선언을 해줬고 거기에 입력한 값 10에 더하기 10에서 그 지역변수 result의 20이 저장됐고 그 값을 그대로 리턴 했기 때문에 22 출력되는 것을 볼 수가 있습니다 그래서 그냥 22시 20으로 보면은 구분하기 어렵기 때문에 앞에 이렇게 문장으로 꾸며주게 되면은 플러스 원 메서드의 열과 마찬가지로 플러스 2 3도 조정을 해주고 실행하게 되면은 이런 식으로 확인할 수 있는 것을 볼 수가 있습니다 그래서 마지막으로 정리를 해보자면 리턴 타입이 보이게 될 때는 리턴이 필요하지 않기 때문에 보통 단순 동작을 할 때만 사용합니다 반대로 보이드가 아닐 때는 무조건 리턴이 있어야 되고요 인트면은 정수 스트링이면 문자가 꼭 출력돼야 합니다 그리고 콘솔창에 출력할 때는 항상 프린트 메서드 안에다가 넣어 줘야지 콘솔 창에 출력되게 됩니다 그래서 리턴 타입이 보이드를 써야 될 때 보이드가 아니어도 될 때는 보통 개발자 마음이긴 한데 마음대로 사용하셔도 무방합니다 본인이 필요할 때 를 본인이 파악하고 자유롭게 사용하시면 됩니다 오늘은이 정도로 마치고 다음 시간에 또 뵙겠습니다
k9wTvI1nCzs,https://www.youtube.com/watch?v=k9wTvI1nCzs,2023-05-17,인천일보아카데미,[Java] 초보 개발자가 많이 하는 실수 9 - import가 필요한 이유와 switch-case문의 활용법,안녕하세요 오늘은 초보자가 많이 하는 실수 9탄 임포트가 필요한 이유와 스위치 케이스문의 활용법에 대해서 알아보겠습니다 오늘의 예시 코드입니다 메인 메소드 안에서 스캐너 클래스를 객체로 생성하고 그 객체에서 넥스트 인트라는 메소드를 통해서 숫자를 입력 받은 다음에 그 숫자를 활용해서 스위치 케이스 부분을 실행해 보는 그런 코드인데요 지금 스캐너 부분에 빨간색 오류가 발생한 것을 볼 수가 있습니다 이럴 때 보통 마우스를 올려보고 근데 아무것도 안 뜨죠 원래 임포트라고 떠야 되는데 안 떴을 때 단축키 컨트롤 쉬프트 5를 누르게 되면은 여기 위에 임포트먼이 자동으로 생성이 되는데요 이 임포트가 필요한 이유는이 스캐너라는 클래스가 자바점 u틸이라는 곳에 라이브러리 퀵으로 저장이 되어 있는데이 인풋들을 안 해주면 얘가 어디에 있는 스캐너인지 몰라서 헤매기 때문에 이렇게 써주는 겁니다 그래서 이렇게 써주게 되면은 오류가 없어지고 이제 이대로 한번 실행을 하게 되면은 오늘 장에서 숫자를 입력하세요가 뜨고 가만히 있어요 보면은이 넥스트 인트라는 메소드 자체가 숫자를 입력받는 냈었는데 입력받기 전까지는 절대 안 넘어가는 거거든요 그래서 숫자를 2로 한번 입력을 해보면 지금 짝수죠 그래서 짝수가 출력이 됐는데 홀수까지 지금 다 출력되는 것을 볼 수가 있습니다 그래서 보면은 입력받은 2가 넘 1이라는 곳에 저장이 됐고 그 저장된 2가 퍼센트 2라고 하면은 2로 나눴을 때 나머지라는 뜻인데이를 2로 나눴으면은 나머지가 0이겠죠 그래서 0이라는 값이 result에 저장이 됐고이 result가 스위치문에 들어가서 result는 0이니까 케이스 0번이 실행이 될 거고 짝수입니다가 출력이 되는 건데이 케이스만의 꼭 필요한게 있어요 마지막에 브레이크 이 마지막에 있는 디폴트는 이 부분에서 볼 수 있는 s문이랑 똑같은 건데 위에 케이스에서 전부 다 안 걸렸을 때만 실행되는 문건데 지금 오늘 우리가 살펴볼 코드에서는 디폴트 문이 실행될 일은 없죠 그래서 이렇게 브레이크를 모두 걸어 준 다음에 실행을 해보면 똑같이 2를 입력을 해 볼게요 그러면 이제 짝수입니다 출력이 되고 브레이크가 걸렸기 때문에이 스위치 문이 끝나는 것을 볼 수가 있습니다 다시 한번 실행해 보고 이번에 입력해보면은 3은 퍼센트 2로 나눴을 때 2로 나눴을 때 나머지니까 3월 2로 나눴을 때는 1이 남죠 그래서 1이 남고 그 1이 리절트에 저장이 됐을 때 케이스 1번이 실행이기 때문에 홀쏘입니다가 출력되는 것을 확인할 수가 있습니다 마지막으로 정리를 해보자면 임포트는 자바 라이브러리에 존재하는 클래스를 사용할 때 사용하는데요 경로를 알려주기 위해서 필요한 것입니다 그리고 스위치 케이스 문은 조건문의 일종으로 조건문이이 품은 스위치면 이렇게 존재하는데 좀 더 조건이 단순할 때 주로 사용하고 케이스몰에서는 스위치문에 들어간 값이 일치할 때만 해당 실행문이 실행이 됩니다 단 케이스만의 브레이크 문으로 받지 않으면은 아까 본 것처럼 짝수 홀수 모두 실행되는 걸 볼 수가 있었죠 그리고 디폴트머는이 부분에서 l7은 역할을 의미합니다 오늘은 여기까지 할 거고 오늘도 수고 많으셨습니다
SOs3xh4ar1I,https://www.youtube.com/watch?v=SOs3xh4ar1I,2023-05-24,인천일보아카데미,[Java] 초보 개발자가 많이 하는 실수 10탄 - while과 do-while의 차이점 및 활용법,안녕하세요 오늘은 초보자가 많이 하는 실수 10탄 와이몬과 두알몬의 차이점과 활용법에 대해서 알아보겠습니다 오늘의 예시코드입니다 메인 클래스와 메인 메소드가 존재하고 그 안에서 와일론과 도알몬을 통해서 아이카운트 변수를 통해 몇 번 출력되는지 콘솔에서 확인할 수 있는 코드인데요 중간에 inti는 1에서 아이가 빨간 줄이 뜨고 오류가 발생한 것을 확인할 수가 있는데 왜 그러냐 연소는 선언할 때만 타입이랑 이름 값 이렇게 해주고 다시 감만 재정이 할 때는 앞에 변수 타입을 지워줍니다 그래서 이렇게 지워주고 다시 실행을 해보면 게 아이는 초기값 1부터 3보다 작을 때까지 세 번 와일문 실행된 거를 확인할 수가 있고 도라에몽도 마찬가지로 소개값 1회 3보다 작거나 같을 때까지 1 2 3 세 번 실행된 것을 확인할 수가 있습니다 지금 상태에서는 와이몬과 도열문의 차이가 없는데요 그래서 한번 초기값을 100으로 바꿔 줄게요 그 다음에 다시 실행을 해보면 부활물 100번째 실행만 추정되는 걸 확인할 수가 있는데요 이게 왜 그러냐 아이 초기 값이 100인데 y면은 먼저 조건을 확인하기 때문에 백이 3보다 작거나 같지 않기 때문에 와이먼은 I 실행조차 되지 않고 두 아이문에서는 초기값이 똑같이 100인데 무조건 한 번은 실행하고 조건을 확인하기 때문에 100번째 실행을 먼저 출력하고 3보다 작거나 같은지 확인했을 때 거짓이기 때문에 거기서 멈추고 끝났으니까 이렇게 한 줄만 추락되는게 좋아요 무조건 한번 실행되는 그 특성을 확인할 수가 있었습니다 그러면은 지금 반복문이 우리가 알고 있는게 홈은 와일문 두괄문이 있는데 이거를 언제 어떻게 사용해야 되냐 궁금하실텐데요 프로그래밍이라는게 정답이 없고 개발자 본인이 편한 대로 쓰는게 맞긴 한데 일반적으로 반복횟수가 정해져 있을 때는 포문을 쓰고 그냥 조건이 만족하는 동안 계속 반복해야 되면은 조건 상관없이 무조건 한 번은 실행돼야 되면은 이렇게 사용하고 있습니다 마지막으로 정리를 해보면 변수명은 중복이 불가능하기 때문에 연소 타입은 변수를 정의할 때만 작성을 하면 됩니다 그리고 y문은 조건이 참일 때만 실행이 되기 때문에 처음부터 조건이 거짓이면 한 번 더 실행되지 않습니다 이에 반해서 좋아요 문은 조건 상관없이 무조건 한 번은 실행하기 때문에 처음 조건이 거짓이라도 한번 실행하고 그 다음에 조건을 확인해서 종료되는 것을 확인할 수 있었습니다 이번 시간은 이렇게 마무리하고 다음 시간에 또 뵙겠습니다
1I5d0Mb320k,https://www.youtube.com/watch?v=1I5d0Mb320k,2024-01-10,인천일보아카데미,[Python] 초보개발자가 많이 하는 실수 37탄 - 파이썬에서 변수 선언 및 교환하는 방법,안녕하세요 오늘은 초보자가 많이 하는 실수 37탄 파이썬에서 변소 선언 및 교환하는 방법에 대해서 알아보겠습니다 오늘의 예시 코드입니다 파이썬이 폴더에 변수 py 파이썬 파일을 만들어 놨고 이제 그 안에서 코드를 작성을 했는데요 맨 처음부터 보시면은 변수 선언 하는 부분이 인데 기본적인 형식은 변수명는 갑 이런 형식으로 작성을 하는데 그다음 줄을 보시면은 a 아는 변수 이름을 가진 a 변수 a 에다가 10이라는 값을 눈으로 대입을 해 줬죠 그래서 그다음에는 F 문자열이라고이 프린트라는 함수는 기본적으로 출력을 하는 함수인데 그 안에다가 를 써주게 되면은이 운표 안에는 기본적으로 문자열 시급이 되는데 중괄호 안에다가 변수 명을 써 주게 되면은이 아까 위에서 선언한 변수 a를 가리키는 거고 앞에 주황색 글씨는 그냥 문자 자체 그냥 화 출력을 했을 때 보여줄 때 앞에 a 한 다음에 뒤에 중괄호 A 변수 a 저장된 값이 출력이 되겠죠 그래서 실행을 해 보면 맨 첫줄 보시면은 a 10이 출력된 것을 확인할 수가 있죠 그다음에 이제 동시에 여러 개 변수를 선언할 때는 a b 이런 식으로 선언할 수가 있거든요 그래서 뒤에 값도 똑같이 10 20 이렇게 해 가지고 a 아는 변수에는 10이라는 값이 저장이 되고 B 아는 변수에는 20이라는 값이 저장이 되겠죠 그래서 똑같이 F 문자열로 출력을 해 보면은 a 10 b 20이라고 출력된 것을 확인할 수가 있습니다 그래서 그 밑에서는 변수 교 교환을 해 봤는데요 왼쪽에는 이제 a b 해서 이제 저장 될 변수를 정해 줬고 오른쪽은 보 보통 왼쪽의 변수에 저장될 값이 오거든요 그래서 A 저장될 값은에 저장되어 있는 값 그래서 위에서 20이라고 저장을 해 줬었죠 그래서는 B 값 20이 들어올 거고 b a 저장된 값 10이 들어올 겁니다 그래서 그 저장한 다음에 찍어 보면은 a 20 B 10으로 원래는 10 20이 있는데 20 10으로 교환된 것을 확인할 수가 있습니다 그래 그 밑에 또 보면은 이번에는 같은 값을 여러 개의 변수에 저장할 때예요 원래는 변수는 값 이렇게 썼는데 이번에는 변수 a는 변수 b는 10 해가지고 이런 식으로 작성하게 되면은 변수 a도 10 변수 B도 10 그래서 같은 값이 저장되게 됩니다 그래서 그 밑에서 출력을 해 봤으니까 확인을 해보면 a 10 b 10으로 똑같은 값이 저장된 것을 확인할 수가 있죠 그래서 이렇게 저장된 값의 타입을 확인할 수가 있는데요 타입을 확인할 때 는 타입 함수를 사용을 하고 지금 원래 계속 숫자만 사용을 했었는데 문자를 한번 확인을 해보기 위해서 B 다가 헬라는 문구를 넣어 줬어요 그래서 그다음에 A 타입 B 타입을 출력을 해봤는데 이제 터미널을 보시면은 위에 A 타입은 인트 정수 B 타입은 str 문자 열라는 뜻입니다 그래서 이런식으로 로 근수의 타입을 확인할 때는 타입 함수를 사용하면 됩니다 그래서 마지막으로 논 논은 변수를 선언을 할 건데 값을 넣어 주고 싶지 않을 때 사용하는 거거든요 그래서 아무 값을 넣지 않을 때 자바에서 너이고 생각하면 돼요 그래서 a 널 이렇게 하고 a 출력해 보면 그대로 논이 출력되는 것을 확인할 수가 있습니다 마지막으로 정리를 해 보자면은 연수는 값을 저장하는 공간으로서 작성하는 방식은 변수명는 값이 기본 형식입니다 그고 자바와 달리 타입이 존재하지 않죠 어 프린트 함수는 출력할 때 사용합니다 그래서 프린트하고 소괄호 안에다가 출력한 내용을 작성해 주면 됩니다 근데 그 작성을 할 때 따옴표 안에 따옴표 앞에 F 붙으면 F 문자열이라고 부르고 중괄호를 사용하면은 변수값을 출력할 수가 있습니다 그리고 타입 함수로 변수의 타입이 확인이 가능한데요 그래서 타입 하고 소괄호 안에다가 변수명을 작성하면 그 해당 변수의 타입을 확인할 수가 있습니다 그래서 오늘은 여기까지 하고 다음 시간에 뵙겠습니다 니다
QsUeDuVtNhU,https://www.youtube.com/watch?v=QsUeDuVtNhU,2024-01-25,인천일보아카데미,"[Python] 초보개발자가 많이 하는 실수39탄 - 리스트list, 튜플tuple, 집합set, 딕셔너리dictionary의 개념",안녕하세요 오늘은 초보자가 많이 하는 실수 39탄 리스트 튜플 집합 딕셔너리의 개념에 대해서 알아보겠습니다 오늘의 예시 코드입니다 자료 양점 피라고 파일을 만들어 놨고 리스트 튜플 집합 딕셔너리를 각각 만들어 놓고 이제 출력해 보는 코드인데요 이 전부 다 공통점은 여러 개의 데이터를 한 번에 저장하고 싶어서 사용하는 자료 형들인데 이런 자료형을 군집 자료 향이라고 부르고이 각각의 차이점이 약간 디테일하게 보면 있긴 한데 하나하나 한번 보시면은 리스트는 괄호로 묶어 줄 때 대괄호로 묶어 줘요 그리고 데이터 사이 사이에서는 콤마 로 구분은 하고 튜플은 괄호를 묶어 줄 때 소 괄호로 묶어 주고 집합은 대과 중괄호로 묶어 주고 딕셔너리는 얘도 집합의 일종이라 중괄호로 묶어 주는데 데이터가 값이 그대로 들어가는게 아니고 키값 하고 거기에 저장될 값지 쌍으로 한 쌍으로 이렇게 들어가 줘야 딕셔너리 불러줍니다 그서 예시 코드를 한번 보시면은 리스트부터 보면은 과일 이름을이 애플 바나나 피어 스트로베리 체리 이렇게 다섯 개를 가로로 묶어서 리스트라고 만들어줬어요 그래서 그 리스트의 이름은 프루츠 리스트라고 만들어 놨고 그다음에는 타블 한번 출력을 해봤고 리스트 자체를 출력을 해봤어요 그리고 그 밑에서는 이 리스트는 뭐 자바에서 배알이랑 약간 비슷하다고 똑같다고 생각하시면 안 되고 비슷하다고 생각을 하시면 되는데 얘도 인덱스가 존재하거든요 인덱스는 항상 0번부터 시작을 하죠 지금 다섯 개가 들어가 있으니까 0번은 애플 1번은 바나나 3번은 피어 4번은 스트로베리 5번은 아니 4번은 체리 이렇게 0 1 2 3 4 로 진행을 하고 그 인덱스로 찾아가서 이렇게 값을 바꿔 줄 수도 있는 거죠 그래서 0번째 있는 애를 멜론으로 바꿔 줘라 그리고 다시 한번 출력을 해 봤거든요 한번 출력은 제일 나중에 한번 해 볼게요 그리고 그 밑에서는 튜플은 속어로 묶어 준다 했죠 똑같이 요소도 똑같고 소괄호를 묶어 줘서 튜플이 이름만 바꿔 줬고요 그 타입 출력 했고 출력을 해 봤고 튜플의 특징은 아예 수정이 안 돼요 아 상수라고 생각을 하면 되는데 우리가 만들어 줄 때 애플 바나나 피어 스트로베리 체리 이렇게 만들어 줬으면 이거 자체는 변경을 할 수가 없어요 뭐 추가 수정 삭제 이런게 불가능하고 만약에 다른 튜플이란 뭐 합치고 싶다 그런 거는 가능한데이 튜플 자체는 수정이 불가능하다로 알고 계시면 되고요 집합은 중괄호로 묶어 줬고 여기서는 전화번호 값을 다 넣어 줘서 전화번호부 개념으로 만들어 놨거든요 그래서 전화번호부를 집합으로 만들었다 세트 그래서 그거의 타입 출력을 해봤고 세트 자체를 출력을 해봤고 근데이 세트도 인덱스 자체 세트는 수정이 불가능한데 그 이유가 얘는 인덱스가 존재하질 않아요 그래가지고 이렇게 인덱스를 사용하는 거 자체도 오류가 날 거고 수정은 당연히 할 수가 없겠죠 에 추가나 삭제는 가능합니다이 함수를 사용해서 뭐 애드 하면은 추가가 되고 리무브 하면 삭제가 되는데 원래 있는 값을 수정하는 것은 불가능하다 그리고 집합의 특징은 아무리 똑같은 값이 많아도 중복된 자료라면 딱 한 번만 출력을 하거든요 어 그 정도만 알고 계시면 될 거 같고요 딕셔너리는 키 값이랑 이제 저장될 값 을 작성을 한다고 했는데 넣은 데이터를 보시면은 홍길동은 2번호 김철수는 이번호 경수는 이번호 해가지고이 각각에 짝을 맞춰서 한 쌍으로 저장이 됩니다 그래서 이거에 타입을 찍어봤고 저너리 자체를 찍어봤고 그리고 얘는 인덱스가 아니고 키가 존재하기 때문에 키 홍길동을 찾아가서이 번호를이 번호로 바꾸겠다 그래서 수정이 가능하겠죠 수정하고 다시 출력을 해봤고 이걸 한번 실행을 해 보시면은 당연히 오류가 나겠죠 아까 튜플은 수정이 불가능하다고 했으니까 오르한 부분을 주석 처리하고 다시 실행을 해 볼게요 그러면은 이제 튜플에서 오류가 안 나는데 집합에서 또 오류가 나죠 집합은 인덱스가 존재하지 않으니까이 부분도 조석 처리를 해 주고 다시 실행을 해 볼게요 보시면은 한절한절 한번 보시면은 맨 처음에는 이제 리스트에 타입을 찍어 줬으니까 리스트가 출력이 된 거고요 그다음에 리스트 자체를 출력을 해봤으니까 애플 바나나 피와 스트로베리 체리 이렇게 쭉 출력이 된 거고 0번째 첫 번째 자료값을 멜론이라고 바꿔줬어요 그리고 다시 출력을 해봤는데 맨 처음 것만 애플에서 멜론으로 바뀐 걸 확인할 수가 있죠 튜플 보시면은 똑같은 값 리스트랑 똑같은 값을 넣어 줬죠 과일들 그래서 타입을 찍어 봤고 그냥 출력했다 타입 튜플 찍히고 튜플 자체도 이렇게 찍히고 출력될 때도 괄호가 보이죠 리스트가 대괄호 튜플이 소괄호 그 밑에 집밥도 보시면은 전화번호 저장됐다 하고 전체값 출력해 보면은 타입은 셋트 다 출력했을 때는 값들 출력되고 중괄호로 묶인 모습을 볼 수가 있죠 그다음에 마지막으로 딕셔너리 보면은 딕셔너리의 타입은 이렇게 dict고 뜨거든요 이게 딕셔너리로 딕셔너리 자체를 찍어 보면은 키랑 값이 한 쌍으로 이렇게 출력되는 것을 볼 수가 있고 키로 키값으로 찾아가서 변어 번호 맨 처음 거를 변경을 했는데 111에서 2로 변경돼서 다시 출력된 것을 확인할 수가 있습니다 마지막으로 정리를 해 보자면은 레스터는 여러지게 자료를 모아서 저장할 때 사용을 하고요 가호로 묶고 콤마로 구분하기 그 순서 인덱스가 존재해서 요소 추가 수정 삭제가 가능하고 튜플은 리스트와 비슷하게 생겼지만 소화로 묶어 주고요 인덱스는 존재하지만 요소 추가 수정 삭제가 모두 불가능합니다 그리고 집합 셋은 중복되지 않는 여러 개 자료를 모아서 저장할 때 사용을 하고요는 중괄호로 묶어주고 순서 인덱스가 없고 요소 수정이 불가능하지만 추가 삭제는 가능합니다 그고 자료가 아무리 똑같은게 여러 개 들어가도 복된 자료는 한 번만 출력이 됩니다 딕셔너리는 집합의 한 종류지만 키랑 값이 한 쌍으로 들어가는 특징이 있습니다 인덱스 대신에 키값이 존재하기 때문에 키값으로 찾아가서 요소 추가 수정 삭제가 가능합니다 그래서 오늘은 여기까지 하고 다음에 뵙겠습니다
TuyU4jYCcgY,https://www.youtube.com/watch?v=TuyU4jYCcgY,2024-02-01,인천일보아카데미,[Python] 초보개발자가 많이 하는 실수 40탄 - 파이썬의 반복문 for의 기본 구조의 종류,안녕하세요 오늘은 초보자가 많이하는 실수 40탄 파이썬의 반복문 4의 기본 구조의 종류에 대해서 알아보겠습니다 오늘의 예시 코드입니다 반복문 4. 파이라는 파이썬 파일을 만들어 놨고 이제이 안에서의 기본 구조에 대한 예시 코드를 작성을 해봤는데요 기본적으로 포는 포 하고 변수 이름 하고인 하고 그다음에는 어떻게 반복할 건지 형식을 여기서 결정을 해 주는 건데 맨 처음 거부터 보시면은 파이썬이란 문자열이 들어가 있죠 그러면은 문자 한 글자씩 쪼개 가지고 p y t h o n 이렇게 총 여섯 번 반복하게 됩니다 그다음 거 보시면 리스트에 1 2 3이 담겨져 있죠 그러면 얘는 요소별로 1 2 3 이렇게 해서 세 번 반복하게 됩니다 그다음 거 보시면은 딕셔너리 이거는 딕셔너리는 값은 나오진 않고 피값 기준으로 순서대로 a b c 해서 총 세 번 반복하게 됩니다 그리고이 그다음 거 보시면은 리스트 안에 리스트 구조죠 그래서 변 리스트로 받아 가지고 각각 1 2 3 4 5 6 이런 식으로도 출력을 할 수가 있습니다 근데 이렇게 직접적으로 값을 리터럴 값을 넣어 주는게 아닌 그냥 범위만 정해 줄 수도 있거든요 그때 사용하는게 레인지 아고 소괄호 처음에 들어가는게 시작값 두 번째 들어가는게 끝값 마지막에 들어가는게 증감지 몇식 증가할 건지 뭐 자바에서 기본적으로 포 생각하시면 되겠죠 그때 원래 초기값 정해주고 언제까지 반복할 건지 조건문 정해주고 증감지음 자 그렇게 생각하면은 이게 원래 자바 포문이 제일 비슷한데 얘는 어떤 식으로 돌아가냐 시 시작 값이 0이죠 그러니까 0부터 시작을 할 거고요 값은 10이라고 써 있는데 실제로 반복하는 거는 이거보다 하나 작은 9까지 반복을 할 겁니다 그리고 증감지 3씩 증가할 거니까 0부터 0 3 6 9 이렇게네 번 반복하면서 출력을 할 겁니다 그다음 거 보시면은 숫자가 두 개밖에 안 적혀 있죠 그러면은 이거는 시작 값이 4인 거고 값이 9인 겁니다 감치는 안써 있으면은 기본적으로 1이 적용이 됩니다 그래서 4부터 시작하면서 9보다 하나 작은 8까지 반복하면서 일씩 증가 하기 때문에 4 5 6 7 8 하면서 다섯 번 반복하게 되고요 그다음 거 보시면은네 숫자 하나만 적혀 있죠 얘는 딱 끝값 적혀 있는 겁니다 그러면 끝값이 10이라고 적혀 있는 거고 시작값을 기본적으로 안 적혀 있으면은 0으로 시작을 할 거고요 증가치는 아까 말씀드린 것처럼 1씩 증가할 겁니다 그래서 0부터 시작해서 1 1 10보다 하나 작은 9까지 일씩 증가 하기 때문에 0 1 2 3 4 5 6 7 8 9 해서 총 번 반복하게 됩니다 그리고 마지막으로 보면은 가정 포문이 아고 포문 안에 포문을 쓰는 구조가 있어요 그래서 이렇게 ijk까지 해서 총 포문이 세 개인데요 이렇게 세 개일 때는 가장 안쪽에 있는 K 터 살펴 보면 되는데 이게 전부 다 끝값 2가 적혀 있거든요 그래서 0부터 시작해서 끝값이 2보다 하나 작은 1까지 1씩 증가 그 때문에 0 1 이렇게 두 번씩 반복을 할 거고요 안쪽에 있는 K 돌아갔기 때문에 처음에는 다 0으로의 그럼 K 끝났죠 그다음에는 이제 제가 증가할 차례고 그래서 0 1 01 1 이런 식으로 증가하고 그다음에는 이제 아가 증가해야 때문에 뭐 1 1 이런 순으로 쭉 진행해서 총 여덟 번 반복하게 됩니다 마지막으로 정리를 해 보자면은 반복문 포는 가동 동작을 여러 번 반복할 때 사용하고요 포 변수인 한 다음에 객체가 들어오는 형식은 객체 자리에 문자열 리스트 튜플 딕셔너리 등이 올 수가 있습니다 그리고 이렇게 리터 값이 직접 들어오는게 아닌 레인지를 사용을 하면은 시작값 끝값 증감지 정해 줘서 시작 값부터 시작하고 끝값 하나 전까지 증감지만큼 변하면서 반복합니다 다중 포문은 포문 내에 포문을 포함하는 구조로 가장 안에 포 있는 포문 반복하게 됩니다 그래서 오늘은 여기까지 하고 다음 시간에 뵙겠습니다
DTz3Jpk_YnE,https://www.youtube.com/watch?v=DTz3Jpk_YnE,2024-02-22,인천일보아카데미,"[Python] 초보개발자가 많이 하는 실수 43탄 - 산술연산자, 관계연산자, 논리연산자의 종류와 역할",안녕하세요 오늘은 초보자가 많이하는 실수 43탄 산술 연산자 방기 연산자 논리 연산자의 종류와 역할에 대해서 알아보겠습니다 오늘의 예시 코드입니다 연산자라고 파이썬 파일을 만들어 놨고 이제 그 안에서 예시 코드를 한번 볼 건데요 우리가 숫자를 두 개를 입력을 받으려고 a 변수 a 수 를 선언을 해놨고 인풋 함수를 통해서 콘솔에서 입력을 받을 거거든요 그래서 첫 번째 숫자 두 번째 숫자를 입력 받는데 입력받게 되면은 문자 취급을 하기 때문에 인트로 정화를 시켜 줬죠 그 밑에 보시면은 이제 입력받은 a b 가지고 이제 한술 연산자의 결과를 확인해 볼 건데 위에 네개는 기본적으로 산더 빼 곱하기 나누기 생각하시면 되고요 근데 별이 두 개인게 있어요 그 얘는 단순히 얘네 두 개를 곱하는게 아니고 제곱을 생각하면 되는데 그래서 a 숫자를 B 큼 제곱한 그래서 만약에 a 2고 b 3이면 얘는 2의 3승이 돼서 8이 되겠죠 그 밑에 있는 슬래시 두 개는 똑같이 나누는데 나눴을 때 밑에 소수점이 나올 수가 있잖아요 근데 얘는 내림을 해 가지고 뒤에 소수점은 떼 버리고 정수만 출력하게 나올 거고 퍼센트는 뭐 자바에서 많이 했었는데 나누고 남은 나머지라고 알고 계시면 됩니다 그래서 그 밑에 보시면은 관계 연산자 관계 연산자는 비교 비교 연산자라고 부르고 위에 내 줄은 뭐 잘 아시죠 크다 크거나 같다 작다 작거나 같다 그 밑에서 이제 이것도 자바에서 많이 한 건데 눈이 두 개일 때 눈이 두 개일 때는 두 개 양쪽 수가 두 개가 같냐라고 비교할 때 사용하고요 느낌표 이면은 같지 않다 그서 같지 않을 때 참이 나오겠죠 얘는 투르 그 밑에 보시면은 논리 연산자들 지금 조건을 정해 놨어요 a b 다 클 때 a b 다 크거나 같을 때 근데 중간에라고 써 있죠라고 써주게 되면은 양쪽 조건이 모두 참일 때 루일 때만 트루 둘 중에 하나라도 스면 홀스가 출력이 될 겁니다 지금 영어로라고 써여 있는데 자바에서는 드 엔드 표시로 되어 있었죠 그 밑에 보시면은 or 조건은 똑같은데 중간에 알이라고 써 있어서 둘 중에 하나라도 두르면 두르고 둘 다 포세일 때만 포스가 나오게 됩니다 그 밑에 보면 조건은 하난데 앞에 나이 보 떴죠 그래서 뒤에 오는 조건이 루일 때는 날이 붙어서 반대로 포스가 출력이 될 거고 폴스 조건이 오면은 반대로 트루가 출력이 될 겁니다 한번 실행을 해서 확인을 해 볼까요 첫 번째 숫자 이렇게 입력 받으려고 커서가 켜 있는데 한번 12하고 5를 쳐 볼게요 그럼 이제 위에는 이제 더하기 빼기 곱하기 나누기가 나와서 16 6 55 2.2이 나누기 하면은 보통 이렇게 소수점까지 자동으로 나오거든요 나오고 이 곱하기는 제곱이 했죠 그래서 11의 5승 해 가지고 지금 16만 101이 나왔습니다 그리고 슬래시 두 개일 때는 나눴을 때 정수만 나온다 했죠 그래서 그냥 나눴을 때는 2.2가 나왔지만 얘 2가 나왔고 퍼센트 했을 때는 나누고 나머지 이니까 12를 5로 나눴을 때 10이 들어가고 1이 남아서 1이 출력이 됐죠 밑에는 크다 크거나 갔다 작다 작거나 갔다는데 11이 5보다 크니까 위에 두 줄은 트루가 나올 거고 밑에는 기본적으로 작아야 되니까 둘 다 플스가 나올 겁니다 그리고 늦은 봤냐고 물어봤을 때 다르니까 플스가 나오는 거고 얜 다르냐고 물어봤는데 다르니까 로가 나온 겁니다요 밑에 보시면은 11이 5보다 크냐 둘 다 참이냐 트루가 나온 거고 알은 둘 중에 하나라 더 두르면 투어라 했죠 뭐 어차피 둘 다 두르니까 당연히 트루가 나올 거고요 그래서 마지막에 11이 5보다 크냐 했을 때인데 앞에 낮이 붙어서 스가 출력되는 것을 볼 수가 있습니다 한번 숫자를 바꿔서 한번 더 출력을 해 볼까요음 한번 2 하게 되면은 3을 이로 나왔을 때 1.5 3의 제곱이 9가 나오고 1.5에서 소수점 버리고 1이 나오고 나머지 1이 나오고 나머지는 비슷하게 출력이 되고요음 또 나머지도 비슷합니다 이번에는 뒤에 숫자가 더 큰 걸로 한번 작성을 해 볼게요 요 4 5 그럼 이제 나눴을 때 1이 안 될 거고요 4의 5승이 1024 0.8에서 버림 돼서 0이 출력이 되고 5로 나눴을 때 4가 그대로 나왔고요 이번엔 부등호가 거꾸로 됐으니까 위에 크다가 홀스가 나오고 작다가 트루가 나오죠 밑에는 똑같이 나올 거고 얘도 먼저라 반대니까 반대로 나올 거고 얘도 포스인데 낮이 붙어서 프로가 나오죠 이번에는 또 같은 수로 한번 해 볼게요 5로 해 주게 되면은 나눠 때 1.0이 5의 승은 3125 그래서 나눴을 때 1.0이 1은 다른 거 아시죠 그래서 5 5로 나왔을 때 나머지는 0이 나머지는 눈이 붙은 것만 트루가 나오는 거를 확인할 수가 있습니다 그래서 같냐고 물어봤을 때 트루 근 얘 눈이 붙었지만 다르냐고 물어본 거니까 스라고 나오고요 이게는 둘 다 트일 때만 트라 있으니까 지금 크냐고 물어봤는데 여기서 스가 나왔죠 그 무조건 스가 나오는 거고에서는 얘가 쓰지만 뒤에 거 같을 수도 있냐 물어봤을 때 트루가 나오니까 트루가 나오는 거고 맨 마지막 거는 스니 낮이 붙어서 트루가 나오는 것을 확인할 수가 있습니다 마지막으로 정리를 해 보자면은 산슬 연산자는 수의 연산을 담당하고 종류는 더하기 빼기 곱하기 나누기 별 두 개는 제곱 플래시 두 개는 나 의 정수만 퍼센트는 나는 수의 나머지만이고 두 번째는 관계이기 연산자는 수의 대수 관계나 상등 관계를 논리 값으로 나타내는 연산자입니다 크다 크거나 같다 작다 작거나 같다 같다 같지 않다의 결과값이 트루 아니면 스가 나오는 애죠 논리 연산자는 논리값을 판단하는 산자고를 쓰게 되면은 조건이 모 참일 때 루일 때 트루가 나오고 알은 둘 중에 하나라도 참이면 참이 나오고 앞에 나이 붙게 되면은 참은 거짓으로 거짓은 참으로 나오게 됩니다 오늘은 여기까지 하고 다음 시간에 뵙겠습니다
09xgjNr8QYE,https://www.youtube.com/watch?v=09xgjNr8QYE,2024-02-16,인천일보아카데미,[Python] 초보개발자가 많이 하는 실수 42탄 - 파이썬의 조건문 match ~ case문의 개념,안녕하세요 오늘은 초보자가 많이 하는 질스 42탄 파이썬의 조건문 매치 케이스 문의 개념에 대해서 알아보겠습니다 오늘의 예 코드입니다 조건문 매치 파일하고 파이썬 파일을 만들어 놨고 이제 그 안에서 예시 코드를 작성을 해봤는데요 위에 보시면은 메뉴라는 변수에 인풋 함수를 통해서 숫자를 입력을 받고 인트로 숫자화 시켰습니다 정수화 그래서 매치 다가 메뉴를 넣어 주게 되면은 이제 입력받은 숫자에 따라서이 케이스가 갑 기준으로 따라가기 때문에 만약에 1번을 입력했다 그러면은 커피가 출력이 될 거고요 2번이면 에이드 3번이면 우유가 출력이 될 겁니다이 맨 마지막에 있는 와이 언더바 와일드 카드라고 부르고 1 2 3을 제외한 모든 것들을 여기서 받아줄 수 있습니다 그래서 1 2 3이 아닐 때는 1부터 3까지만 입력 가능이라고 출력이 될 거고요 한번 실행을 해 보겠습니다 1번을 입력하면 이제 커피 출력되는 걸 볼 수가 있고요 한번 더 실행을 해봐서 이거 1 2 3이 아닌 4를 입력했을 때 부터 3까지만 입력 가능이 출력되는 걸 볼 수가 있습니다 어 그 밑에 거 보시면은 샘플이라는 변수에가 여러 가지 리스트가 담긴 리스트를 저장을 해 놨는데요 그래서이 밑에서는 이제이 리스트 기준으로 호문을 돌리는데 x 에다가 요소를 저장을 해서이 요소 기준으로 매치 케이스 문을 실행을 할 건데요이 리스트가 반복되는 동안 그래서 애플이라는 값을 가진 리스트 자체를 이렇게 비교를 할 수가 있고요 그래서 있을 때는 x 그대이 요소 그대로 출력 홍길동 이순신 또 두 개짜리 있으니까 출력될 거고요이 1이라는 리스트 2라는 리스트 사이에이 작대기 자바에서 많이본 알이 알면은이 둘 중에 하나라도 해당되는게 있으면은 그 요소를 출력을 해 봐라라는 뜻이고요 어이 방거 보시면은 일단 A 아는 요소를 찾은 다음에 그다음에 있는 요소를 Z 아는 변수에 저장을 하려고 합니다 그래서 얘는 먼저 요소를 찾고 그다음 요소를 저장하기 때문에 이게 위에 거 보시면은 a 아는 요소를 찾고 그다음 2라는 요소가 제에 저장이 돼서가 출력이 될 거고요 마지막 거 보시면은 스코어 값을 찾은 다음에 이번에는이 Z 앞에 별이 붙었죠 별은이 나머지 요소들 요소가 여러 개일 때 나머지요 매칭되지 않은 모든 요소들을 에다가 저장하겠습니다 그래서 실행을 해 보면은 1번 입력을 해 보고요 보시면은 애플 있으니까 애플 요소 그대로 출력이 될 거고요 홍길동 이순신도 마찬가지 그다음 거는 1이랑 2 중에 이에는 1이 있으니까 1이 출력이 된 거고요 a 아는 요소 다음에는 B 아는 요소가 있기 때문에가 출력이 될 거예요 스코어 다음에는이 점수들 95 8 12 77이 있어서 그 세 개가 묶여져서 리스트 형식으로 추력이 됐습니다 마지막으로 정리를 해 보자면은 조건문 매치 케이스는 자 값 자체를 조건으로 위에서부터 차례대로 체크하면서 찾아가는 방식으로 작동을 하고요 1번 형의 형식이 매치 다음에 변수나 값이 오고 그거 기준으로 이제 케이스에서 값을 찾아가서 안에서 실행문이 실행이 됩니다 이렇게 계단 형식으로 들여쓰기이 부분은 필수고요 파이썬은 공백으로 영역을 나누기 때문에 그리고이 값 부분에 언더바가 오게 되면은 와일드 카드라고 부르고 앞에 조건을 제외한 모든 것을 받아줄 수 있습니다 뭐 스라 간단하게 스라고 생각하시면 되죠 어 다음에는이 짝대기은 또는 개념으로 둘 중에 하나라도 만족하면 참이 함으로 그 값이 예시 코드에서 그대로 출력이 됐죠 앞에이 변수 앞에 별을 붙이게 되면은 앞에 값을 제외하고 나머지 요소들을 모두 저장하는 면소 앞에 붙이는 표시입니다 오늘은 여기까지 하고 다음 시간에 뵙겠습니다
RHTLh_zmOMk,https://www.youtube.com/watch?v=RHTLh_zmOMk,2024-02-08,인천일보아카데미,"[Python] 초보개발자가 많이 하는 실수 41탄 - 반복문에서 사용하는 다양한 부가기능 (break, continue, else)",안녕하세요 오늘은 초보자가 많이 하는 실수 41탄 반복문에서 사용하는 다양한 부과 기능 브레이크 컨티뉴 스에 대해서 알아보겠습니다 오늘의 예시 코드입니다 반복문 y. 파이라는 파이썬 파일을 만들어 놨고 이제 그 안에서 컨티뉴 브레이크 스에 대한 예시 코드를 작성을 해 봤는데요 위에서부터 차근차근 보시면은 포문 구조죠 저번 시간에 배웠던 레인지 5라고 했으니까 다섯 번 반복할 건데 그 안에 요소는 0부터 4까지 반복할 거니까 0 1 2 3 4 이렇게 반복을 하겠죠 근데 그 안에서 이문을 작성을 했어요 아이가 2일 때 컨티뉴를 해라 뉴는 건너뛰기 개념이라고 생각하시면 되고이 밑에 있는 실행문을 실행되지 않습니다 그래서 아이가 2일 때는 건너뛰고 0 1 2 3 4가 출력되어야 되는데 2일 때 건너뛰고 0 1 3 4가 출력이 되게 됩니다 그다음에는 이제이 9분을 위해서 선을 그어 봤는데요 한번 실행을 해서 같이 보겠습니다 맨 위에 거 보시면은 0 2를 건너뛰고 0 1 3 4하고 밑줄이 그어졌고 그다음 거 보시면은 똑같이 레인지니까 01 2 3 4가 나와야 되는데 이번에는 아이가 3일 때 브레이크를 걸어줬어요 브레이크는 그 즉시 반복문이 종료가 되기 때문에 0 2 3 4가 출력이 돼야 되는데 3일 때 바로 종료를 시켜서 3조 도 출력이 되지 않고 0 1 2 출력되고 끝나서 0 1 2 지금 출력되고 줄 그어진 거를 확인할 수가 있습니다 그래서 컨티뉴랑 브레이크 개념은 이렇게했는데 이거를 똑같이 일문으로 작성을 할 수도 있거든요 이번에는 아가 아니고 A 아는 변수를 사용을 했고요 0부터 시작을 할 건데 일은 조건문 하나 있으면 돼요이 조건문이 해당되지 않을 때 이게 거짓일 때 종료가 되기 때문에는 0부터 1씩 증가할 건데 2 2일 때 컨티뉴 해라 그래서 a 값을 찍어 주는 거고요 근데 0으로만 들어가자마자 1을 증가시키기 때문에 1 2 3 4 5가 출력이 될 거거든 이게 조건이 5보다 작을 까지니까 4까지 돌아가잖아요 4인 상태로 들어가서 1이 더해지고 찍기 때문에 1 2 3 4 5가 찍힐 건데가 2일 때는 컨티뉴 했으니까 1 3 4 5가 지키겠죠 보면은 1 3 4 5가 출력되고 밑줄이 진 것을 확인할 수가 있습니다 그 밑에 거 똑같이 위에 거를 위에 포문을 일문으로 바꾼 건데 얘는 브레이크를 사용한 이번에는 라는 배수를 사용했고요 똑같이 1 증가하지만 3일 때 브레이크를 걸어 줬죠 그래서 1 2 3 4 5가 출력 돼야 되는데 3일 때 끝내 버렸으니까 1 2만 출력이 되고 끝나는 것을 확인할 수가 있습니다 컨티뉴 브레이크는이 정도로 마무리하고 이제 스 얘는 정상적으로 반복문이 다 끝난 다음에만 실행이 되는 친구거든요 에서 브레이크가 실행이 됐다 그러면 방문이 정상적으로 끝나지 않았잖아요 그때는 스문이 실행이 되지 않습니다 그래서 밑에 거 보면은 일번적인 4스 고문인데 리스트 1 2 3에서 요소 x 출력을 하려고 합니다 그러니까 1 2 3이 있으니까 하나씩 1 2 3 출력되면서 세 번 반복 되겠죠 그래서 얘는 뭐 브레이크가 없으니까 그대로 1 2 3이 출력된 다음에 다 출력됐다 반복문 끈이 끝이 출력이 될 겁니다 1 2 3 반모 끝이 됐죠 근데이 밑에서 똑같은 4 고문인데 x 2일 때 브레이크를 걸어 줬어요 그래서 1 2 3 돌아가야 되는데 2일 때 바로 끝내 버렸으니까 1만 출력이 되고 그 밑에 스은 실행되지 않습니다 그래서 1 출력되고 끝나는 것을 지금 확인할 수가 있죠 그죠 그 밑에거 보면은 이것도 와일문로 바꿔 본 겁니다 그래 XL 0부터 시작하고 3보다 작을 때까지 1씩 증가 하면서 찍으니까 0이지만 1 더하고 시작하니까 1 2 3이 찍히고 이제 방법은 끝이 찍힐 거거든요 아 지금 아가 x 바뀌어야죠 이거 다시 실행해 보면 1 2 3 반복문 끝이 나온 걸 확인할 수가 있습니다 그리고 그 밑에서는 위에서는 정성적으로 y 스 구문이 실행이 된 거고요 1 2 3 반무 끝이 됐으니까 밑에 거는 x 2일 때 브레이크를 걸어 줬기 때문에 1 2 3이 출력이 돼야 되지만 2일 때 끝내 버렸으니까 1하고 먼도 실행이 되지 않을 겁니다 그래서 1하고 끝난 것을 확인할 수가 있습니다 마지막으로 정리해 보자면은 전일은 조건문이 참인 동안 같은 동작을 계속 반복할 때 사용하는 요 자바 에서랑 마찬가지로는 보통 그 반복 횟수가 정해져 있을 때 주로 사용하고 일은 횟수가 정해져 있지 않고 조건에 따라서 무한 반복할 때 많이 사용을 하고요 와일 조건문 론하 실행문이 구조로 실행하고 반드시 들여쓰기는 필요하다 왜냐면은 들여쓰기로 영역이 나뉘기 때문에는 건너뛰기 개념으로 뒤에 오는 실행문을 무시하고 반복을 합니다 그러니까 01 2 3 4에서 2를 컨티뉴 하면은 01 3 4 이렇게 출력했던 거 기억하시죠 브레이크는 즉시 종료 개념이니 반복문을 탈출하 하기 때문에 반복문이 바로 끝나 버립니다 그래서 01 2 3 4일 때 2일 때 브레이크를 걸면 0일 출력되고 끝나 버립니다 는 반복문이 정상적으로 끝까지 반복하고 끝났을 때 실행합니다 중간에 브레이크가 걸리거 걸리면은 실행되지 않습니다 그래서 오늘은 여기까지 하고 다음 시간에 뵙겠습니다
